nan,nan,nan,3.097560975609756184e+00,nan,nan,nan,3.351351351351351315e+00,3.764705882352941124e+00,nan,3.727272727272727071e+00,nan,nan,nan,nan,3.852941176470588314e+00,3.052631578947368585e+00,nan,nan,nan,nan,2.812500000000000000e+00,nan,nan,nan,nan,nan,nan,nan,3.862068965517241548e+00,nan,nan,nan,nan,3.146341463414634276e+00,nan,nan,2.678571428571428381e+00,nan,4.416666666666666963e+00,nan,nan,2.694444444444444642e+00,nan,nan,3.054054054054053946e+00,nan,nan,3.233333333333333393e+00,nan,3.305555555555555358e+00,nan,nan,nan,nan,nan,nan,nan,nan,nan,3.448275862068965303e+00,3.696969696969696795e+00,nan,3.454545454545454586e+00,nan,nan,nan,nan,nan,nan,nan,nan,nan,nan,nan,nan,nan,nan,nan,nan,nan,4.355555555555555181e+00,nan,nan,nan,nan,nan,nan,nan,nan,nan
1.000000000000000000e+00,nan,nan,1.000000000000000000e+00,nan,nan,nan,1.000000000000000000e+00,nan,nan,nan,nan,nan,nan,nan,1.000000000000000000e+00,1.000000000000000000e+00,nan,nan,nan,nan,1.000000000000000000e+00,nan,nan,nan,nan,nan,nan,nan,1.000000000000000000e+00,nan,nan,nan,nan,1.000000000000000000e+00,nan,nan,1.000000000000000000e+00,nan,nan,nan,nan,1.000000000000000000e+00,nan,1.000000000000000000e+00,nan,nan,nan,1.000000000000000000e+00,nan,nan,nan,nan,nan,nan,nan,nan,nan,nan,nan,nan,1.000000000000000000e+00,nan,1.000000000000000000e+00,nan,nan,nan,nan,nan,nan,nan,nan,nan,nan,nan,nan,nan,nan,nan,nan,nan,nan,nan,nan,nan,nan,nan,nan,nan,nan,nan
1.000000000000000000e+00,nan,nan,1.000000000000000000e+00,nan,nan,nan,1.000000000000000000e+00,nan,nan,1.000000000000000000e+00,nan,nan,nan,nan,1.000000000000000000e+00,1.000000000000000000e+00,nan,nan,nan,nan,1.000000000000000000e+00,nan,nan,nan,nan,nan,nan,nan,1.000000000000000000e+00,nan,nan,nan,nan,1.000000000000000000e+00,nan,nan,1.000000000000000000e+00,nan,1.000000000000000000e+00,nan,nan,nan,nan,nan,nan,nan,nan,1.000000000000000000e+00,nan,nan,nan,nan,nan,nan,nan,nan,nan,nan,nan,nan,nan,nan,nan,nan,nan,nan,nan,nan,nan,nan,nan,nan,nan,nan,nan,nan,nan,nan,nan,nan,nan,nan,nan,nan,nan,nan,nan,nan,nan,nan
3.674418604651162656e+00,nan,nan,nan,nan,nan,nan,3.305555555555555358e+00,3.750000000000000000e+00,nan,3.375000000000000000e+00,nan,nan,nan,nan,3.600000000000000089e+00,4.075000000000000178e+00,nan,nan,nan,nan,4.186046511627907307e+00,nan,nan,nan,nan,nan,nan,nan,4.066666666666666430e+00,nan,nan,nan,nan,3.594594594594594739e+00,nan,nan,3.399999999999999911e+00,nan,3.580000000000000071e+00,nan,nan,2.894736842105263275e+00,nan,nan,nan,nan,nan,3.097560975609756184e+00,nan,4.000000000000000000e+00,nan,nan,nan,nan,nan,nan,nan,nan,nan,nan,nan,nan,nan,nan,4.075000000000000178e+00,nan,nan,nan,nan,nan,nan,nan,nan,nan,nan,nan,nan,nan,nan,nan,nan,nan,nan,nan,nan,nan,nan,nan,nan,nan
1.000000000000000000e+00,nan,nan,1.000000000000000000e+00,nan,nan,nan,1.000000000000000000e+00,nan,1.000000000000000000e+00,nan,nan,nan,nan,nan,1.000000000000000000e+00,1.000000000000000000e+00,nan,nan,nan,nan,1.000000000000000000e+00,nan,nan,nan,nan,nan,nan,nan,1.000000000000000000e+00,nan,nan,nan,nan,1.000000000000000000e+00,nan,nan,1.000000000000000000e+00,nan,nan,nan,nan,nan,nan,nan,nan,nan,nan,nan,nan,nan,nan,nan,nan,nan,nan,nan,nan,nan,nan,nan,nan,nan,nan,nan,nan,nan,nan,nan,nan,nan,nan,nan,nan,nan,nan,nan,nan,nan,nan,nan,nan,nan,nan,nan,nan,nan,nan,nan,nan,nan
1.000000000000000000e+00,nan,nan,1.000000000000000000e+00,nan,nan,nan,1.000000000000000000e+00,1.000000000000000000e+00,1.000000000000000000e+00,1.000000000000000000e+00,nan,nan,nan,nan,1.000000000000000000e+00,1.000000000000000000e+00,nan,nan,nan,nan,1.000000000000000000e+00,nan,nan,nan,nan,nan,nan,nan,1.000000000000000000e+00,nan,nan,nan,nan,1.000000000000000000e+00,nan,nan,1.000000000000000000e+00,nan,1.000000000000000000e+00,nan,nan,1.000000000000000000e+00,nan,1.000000000000000000e+00,1.000000000000000000e+00,nan,1.000000000000000000e+00,1.000000000000000000e+00,nan,1.000000000000000000e+00,nan,nan,1.000000000000000000e+00,nan,nan,nan,nan,nan,1.000000000000000000e+00,1.000000000000000000e+00,1.000000000000000000e+00,1.000000000000000000e+00,1.000000000000000000e+00,nan,1.000000000000000000e+00,nan,nan,nan,nan,nan,nan,nan,1.000000000000000000e+00,nan,nan,nan,nan,nan,nan,nan,1.000000000000000000e+00,nan,nan,nan,nan,nan,nan,nan,nan,nan
1.000000000000000000e+00,nan,nan,1.000000000000000000e+00,nan,nan,nan,1.000000000000000000e+00,nan,nan,1.000000000000000000e+00,nan,nan,nan,nan,1.000000000000000000e+00,1.000000000000000000e+00,nan,nan,nan,nan,1.000000000000000000e+00,nan,nan,nan,nan,nan,nan,nan,1.000000000000000000e+00,nan,nan,nan,nan,1.000000000000000000e+00,nan,nan,1.000000000000000000e+00,nan,1.000000000000000000e+00,nan,nan,1.000000000000000000e+00,nan,nan,nan,nan,nan,1.000000000000000000e+00,nan,nan,nan,nan,nan,nan,nan,nan,nan,nan,nan,nan,nan,nan,nan,nan,nan,nan,nan,nan,nan,nan,nan,nan,nan,nan,nan,nan,nan,nan,nan,nan,1.000000000000000000e+00,nan,nan,nan,nan,nan,nan,nan,nan,nan
3.148936170212766061e+00,nan,nan,3.553191489361702260e+00,nan,nan,nan,nan,3.899999999999999911e+00,nan,4.227272727272727515e+00,nan,nan,nan,nan,3.081081081081081141e+00,3.470588235294117752e+00,nan,nan,nan,nan,3.780487804878048586e+00,nan,nan,nan,nan,nan,nan,nan,4.000000000000000000e+00,nan,nan,nan,nan,3.813953488372093137e+00,nan,nan,3.271186440677966267e+00,nan,4.000000000000000000e+00,nan,nan,3.358974358974359031e+00,nan,nan,nan,nan,nan,3.799999999999999822e+00,nan,3.941176470588235503e+00,nan,nan,nan,nan,nan,nan,nan,nan,nan,nan,nan,nan,3.717391304347826164e+00,nan,3.779411764705882248e+00,nan,nan,nan,nan,nan,nan,nan,nan,nan,nan,nan,nan,nan,nan,nan,3.867924528301886600e+00,nan,nan,nan,nan,nan,nan,nan,nan,nan
3.200000000000000178e+00,nan,nan,3.488888888888888928e+00,nan,nan,nan,4.055555555555555358e+00,nan,4.093750000000000000e+00,3.702127659574467877e+00,nan,nan,nan,nan,3.346938775510204245e+00,3.896551724137931050e+00,nan,nan,nan,nan,3.648648648648648685e+00,nan,nan,nan,nan,nan,nan,nan,3.406250000000000000e+00,nan,nan,nan,nan,3.238095238095238138e+00,nan,nan,4.261904761904761862e+00,nan,4.029411764705882248e+00,nan,nan,4.125000000000000000e+00,nan,3.884615384615384581e+00,3.972222222222222321e+00,nan,nan,4.210526315789473450e+00,nan,4.071428571428571175e+00,nan,nan,nan,nan,nan,nan,nan,nan,3.823529411764706065e+00,3.113636363636363757e+00,3.428571428571428381e+00,nan,3.500000000000000000e+00,nan,3.500000000000000000e+00,nan,nan,nan,nan,nan,nan,nan,3.448275862068965303e+00,nan,nan,nan,nan,nan,nan,nan,3.418604651162790553e+00,nan,nan,nan,nan,nan,nan,nan,nan,nan
2.750000000000000000e+00,nan,nan,3.366666666666666696e+00,nan,nan,nan,3.545454545454545414e+00,3.416666666666666519e+00,nan,3.578947368421052655e+00,nan,nan,nan,nan,2.950000000000000178e+00,2.473684210526315930e+00,nan,nan,nan,nan,2.888888888888888840e+00,nan,nan,nan,nan,nan,nan,nan,3.054054054054053946e+00,nan,nan,nan,nan,3.260869565217391131e+00,nan,nan,3.040000000000000036e+00,nan,3.700000000000000178e+00,nan,nan,3.515151515151515138e+00,nan,3.024999999999999911e+00,3.583333333333333481e+00,nan,3.406250000000000000e+00,3.458333333333333481e+00,nan,3.586206896551724199e+00,nan,nan,nan,nan,nan,nan,nan,nan,3.468750000000000000e+00,3.863636363636363757e+00,3.416666666666666519e+00,nan,3.964285714285714413e+00,nan,3.782608695652173836e+00,nan,nan,nan,nan,nan,nan,nan,3.279999999999999805e+00,nan,nan,nan,nan,nan,nan,nan,3.560000000000000053e+00,nan,nan,nan,nan,nan,nan,nan,nan,nan
3.294117647058823373e+00,nan,nan,3.571428571428571619e+00,nan,nan,nan,3.700000000000000178e+00,3.902439024390243816e+00,3.350000000000000089e+00,nan,nan,nan,nan,nan,3.682926829268292845e+00,4.236842105263157521e+00,nan,nan,nan,nan,3.673913043478260754e+00,nan,nan,nan,nan,nan,nan,nan,3.218750000000000000e+00,nan,nan,nan,nan,4.243902439024390461e+00,nan,nan,3.942857142857143060e+00,nan,4.277777777777777679e+00,nan,nan,3.583333333333333481e+00,nan,3.606060606060605966e+00,3.655172413793103647e+00,nan,nan,4.258064516129032029e+00,nan,3.764705882352941124e+00,nan,nan,nan,nan,nan,nan,nan,nan,3.342857142857142971e+00,4.054054054054054390e+00,3.794117647058823373e+00,nan,3.694444444444444642e+00,nan,3.444444444444444642e+00,nan,nan,nan,nan,nan,nan,nan,3.634146341463414753e+00,nan,nan,nan,4.060606060606060552e+00,nan,nan,nan,3.285714285714285587e+00,nan,nan,nan,nan,nan,nan,nan,nan,nan
1.000000000000000000e+00,nan,nan,1.000000000000000000e+00,nan,nan,nan,1.000000000000000000e+00,1.000000000000000000e+00,1.000000000000000000e+00,1.000000000000000000e+00,nan,nan,nan,nan,1.000000000000000000e+00,1.000000000000000000e+00,nan,nan,nan,nan,1.000000000000000000e+00,nan,nan,nan,nan,nan,nan,nan,1.000000000000000000e+00,nan,nan,nan,nan,1.000000000000000000e+00,nan,nan,1.000000000000000000e+00,nan,1.000000000000000000e+00,nan,nan,1.000000000000000000e+00,nan,1.000000000000000000e+00,1.000000000000000000e+00,nan,nan,1.000000000000000000e+00,nan,1.000000000000000000e+00,nan,nan,nan,nan,nan,nan,nan,nan,1.000000000000000000e+00,1.000000000000000000e+00,nan,1.000000000000000000e+00,1.000000000000000000e+00,nan,1.000000000000000000e+00,nan,nan,nan,nan,nan,nan,nan,nan,nan,nan,nan,nan,nan,nan,nan,1.000000000000000000e+00,nan,nan,nan,nan,nan,nan,nan,nan,nan
1.000000000000000000e+00,nan,nan,1.000000000000000000e+00,nan,nan,nan,1.000000000000000000e+00,1.000000000000000000e+00,1.000000000000000000e+00,1.000000000000000000e+00,nan,nan,nan,nan,1.000000000000000000e+00,1.000000000000000000e+00,nan,nan,nan,nan,1.000000000000000000e+00,nan,nan,nan,nan,nan,nan,nan,1.000000000000000000e+00,nan,nan,nan,nan,1.000000000000000000e+00,nan,nan,1.000000000000000000e+00,nan,1.000000000000000000e+00,nan,nan,nan,nan,1.000000000000000000e+00,nan,nan,nan,1.000000000000000000e+00,nan,1.000000000000000000e+00,nan,nan,nan,nan,nan,nan,nan,nan,1.000000000000000000e+00,1.000000000000000000e+00,nan,nan,nan,nan,1.000000000000000000e+00,nan,nan,nan,nan,nan,nan,nan,1.000000000000000000e+00,nan,nan,nan,nan,nan,nan,nan,1.000000000000000000e+00,nan,nan,nan,nan,nan,nan,nan,nan,nan
1.000000000000000000e+00,nan,nan,1.000000000000000000e+00,nan,nan,nan,1.000000000000000000e+00,1.000000000000000000e+00,nan,1.000000000000000000e+00,nan,nan,nan,nan,1.000000000000000000e+00,1.000000000000000000e+00,nan,nan,nan,nan,1.000000000000000000e+00,nan,nan,nan,nan,nan,nan,nan,1.000000000000000000e+00,nan,nan,nan,nan,1.000000000000000000e+00,nan,nan,1.000000000000000000e+00,nan,1.000000000000000000e+00,nan,nan,1.000000000000000000e+00,nan,1.000000000000000000e+00,nan,nan,nan,1.000000000000000000e+00,nan,1.000000000000000000e+00,nan,nan,nan,nan,nan,nan,nan,nan,nan,1.000000000000000000e+00,nan,nan,nan,nan,1.000000000000000000e+00,nan,nan,nan,nan,nan,nan,nan,nan,nan,nan,nan,nan,nan,nan,nan,1.000000000000000000e+00,nan,nan,nan,nan,nan,nan,nan,nan,nan
1.000000000000000000e+00,nan,nan,1.000000000000000000e+00,nan,nan,nan,1.000000000000000000e+00,1.000000000000000000e+00,1.000000000000000000e+00,1.000000000000000000e+00,nan,nan,nan,nan,1.000000000000000000e+00,1.000000000000000000e+00,nan,nan,nan,nan,1.000000000000000000e+00,nan,nan,nan,nan,nan,nan,nan,1.000000000000000000e+00,nan,nan,nan,nan,1.000000000000000000e+00,nan,nan,1.000000000000000000e+00,nan,1.000000000000000000e+00,nan,nan,1.000000000000000000e+00,nan,1.000000000000000000e+00,1.000000000000000000e+00,nan,1.000000000000000000e+00,1.000000000000000000e+00,nan,1.000000000000000000e+00,nan,nan,nan,nan,nan,nan,nan,nan,1.000000000000000000e+00,nan,nan,nan,1.000000000000000000e+00,nan,nan,nan,nan,nan,nan,nan,nan,nan,1.000000000000000000e+00,nan,nan,nan,1.000000000000000000e+00,nan,nan,nan,1.000000000000000000e+00,nan,nan,nan,nan,nan,nan,nan,nan,nan
3.559322033898304927e+00,nan,nan,3.707317073170731891e+00,nan,nan,nan,3.782608695652173836e+00,3.428571428571428381e+00,3.533333333333333215e+00,3.962962962962962798e+00,nan,nan,nan,nan,nan,3.520000000000000018e+00,nan,nan,nan,nan,4.187500000000000000e+00,nan,nan,nan,nan,nan,nan,nan,3.452830188679245182e+00,nan,nan,nan,nan,3.111111111111111160e+00,nan,nan,4.000000000000000000e+00,nan,3.285714285714285587e+00,nan,nan,3.649122807017543657e+00,nan,nan,4.192307692307692513e+00,nan,nan,2.725490196078431460e+00,nan,nan,nan,nan,nan,nan,nan,nan,nan,nan,3.524590163934426368e+00,nan,nan,nan,3.740740740740740922e+00,nan,nan,nan,nan,nan,nan,nan,nan,nan,nan,nan,nan,nan,nan,nan,nan,nan,nan,nan,nan,nan,nan,nan,nan,nan,nan,nan
4.434782608695652328e+00,nan,nan,4.027397260273972712e+00,nan,nan,nan,3.327272727272727160e+00,3.558441558441558517e+00,nan,3.123076923076923084e+00,nan,nan,nan,nan,4.000000000000000000e+00,nan,nan,nan,nan,nan,2.839285714285714413e+00,nan,nan,nan,nan,nan,nan,nan,3.794520547945205546e+00,nan,nan,nan,nan,3.565217391304347672e+00,nan,nan,nan,nan,3.542372881355932090e+00,nan,nan,3.515625000000000000e+00,nan,nan,nan,nan,nan,nan,nan,nan,nan,nan,nan,nan,nan,nan,nan,nan,nan,3.812500000000000000e+00,nan,nan,3.440677966101695073e+00,nan,nan,nan,nan,nan,nan,nan,nan,nan,nan,nan,nan,nan,nan,nan,nan,nan,nan,nan,nan,nan,nan,nan,nan,nan,nan,nan
1.000000000000000000e+00,nan,nan,1.000000000000000000e+00,nan,nan,nan,1.000000000000000000e+00,1.000000000000000000e+00,nan,1.000000000000000000e+00,nan,nan,nan,nan,1.000000000000000000e+00,1.000000000000000000e+00,nan,nan,nan,nan,1.000000000000000000e+00,nan,nan,nan,nan,nan,nan,nan,1.000000000000000000e+00,nan,nan,nan,nan,1.000000000000000000e+00,nan,nan,1.000000000000000000e+00,nan,1.000000000000000000e+00,nan,nan,nan,nan,1.000000000000000000e+00,nan,nan,nan,nan,nan,nan,nan,nan,nan,nan,nan,nan,nan,nan,nan,nan,1.000000000000000000e+00,nan,1.000000000000000000e+00,nan,nan,nan,nan,nan,nan,nan,nan,nan,nan,nan,nan,nan,nan,nan,nan,nan,nan,nan,nan,nan,nan,nan,nan,nan,nan,nan
1.000000000000000000e+00,nan,nan,1.000000000000000000e+00,nan,nan,nan,1.000000000000000000e+00,1.000000000000000000e+00,1.000000000000000000e+00,1.000000000000000000e+00,nan,nan,nan,nan,1.000000000000000000e+00,1.000000000000000000e+00,nan,nan,nan,nan,1.000000000000000000e+00,nan,nan,nan,nan,nan,nan,nan,1.000000000000000000e+00,nan,nan,nan,nan,1.000000000000000000e+00,nan,nan,1.000000000000000000e+00,nan,1.000000000000000000e+00,nan,nan,1.000000000000000000e+00,nan,1.000000000000000000e+00,1.000000000000000000e+00,nan,1.000000000000000000e+00,1.000000000000000000e+00,nan,1.000000000000000000e+00,nan,nan,1.000000000000000000e+00,nan,nan,nan,nan,nan,1.000000000000000000e+00,1.000000000000000000e+00,1.000000000000000000e+00,1.000000000000000000e+00,1.000000000000000000e+00,nan,1.000000000000000000e+00,nan,nan,nan,nan,nan,nan,nan,nan,nan,nan,nan,nan,nan,nan,nan,1.000000000000000000e+00,nan,nan,nan,nan,nan,nan,nan,nan,nan
1.000000000000000000e+00,nan,nan,1.000000000000000000e+00,nan,nan,nan,1.000000000000000000e+00,1.000000000000000000e+00,nan,1.000000000000000000e+00,nan,nan,nan,nan,1.000000000000000000e+00,1.000000000000000000e+00,nan,nan,nan,nan,1.000000000000000000e+00,nan,nan,nan,nan,nan,nan,nan,1.000000000000000000e+00,nan,nan,nan,nan,1.000000000000000000e+00,nan,nan,nan,nan,nan,nan,nan,1.000000000000000000e+00,nan,1.000000000000000000e+00,nan,nan,nan,nan,nan,nan,nan,nan,nan,nan,nan,nan,nan,nan,nan,nan,nan,nan,nan,nan,1.000000000000000000e+00,nan,nan,nan,nan,nan,nan,nan,nan,nan,nan,nan,nan,nan,nan,nan,1.000000000000000000e+00,nan,nan,nan,nan,nan,nan,nan,nan,nan
1.000000000000000000e+00,nan,nan,1.000000000000000000e+00,nan,nan,nan,1.000000000000000000e+00,1.000000000000000000e+00,1.000000000000000000e+00,1.000000000000000000e+00,nan,nan,nan,nan,1.000000000000000000e+00,1.000000000000000000e+00,nan,nan,nan,nan,1.000000000000000000e+00,nan,nan,nan,nan,nan,nan,nan,1.000000000000000000e+00,nan,nan,nan,nan,1.000000000000000000e+00,nan,nan,nan,nan,1.000000000000000000e+00,nan,nan,1.000000000000000000e+00,nan,1.000000000000000000e+00,nan,nan,nan,nan,nan,nan,nan,nan,1.000000000000000000e+00,nan,nan,nan,nan,nan,nan,1.000000000000000000e+00,1.000000000000000000e+00,1.000000000000000000e+00,nan,nan,nan,nan,nan,nan,nan,nan,nan,nan,nan,nan,nan,nan,nan,nan,nan,nan,1.000000000000000000e+00,nan,nan,nan,nan,nan,nan,nan,nan,nan
3.416666666666666519e+00,nan,nan,3.288135593220339103e+00,nan,nan,nan,3.313725490196078649e+00,3.423076923076922906e+00,3.777777777777777679e+00,3.183673469387755084e+00,nan,nan,nan,nan,3.482142857142857206e+00,3.500000000000000000e+00,nan,nan,nan,nan,nan,nan,nan,nan,nan,nan,nan,nan,3.147058823529411686e+00,nan,nan,nan,nan,3.529411764705882248e+00,nan,nan,3.867924528301886600e+00,nan,3.102040816326530503e+00,nan,nan,nan,nan,3.020833333333333481e+00,nan,nan,nan,3.805555555555555358e+00,nan,nan,nan,nan,nan,nan,nan,nan,nan,nan,nan,nan,3.714285714285714413e+00,nan,3.600000000000000089e+00,nan,nan,nan,nan,nan,nan,nan,nan,nan,nan,nan,nan,nan,nan,nan,nan,nan,3.700000000000000178e+00,nan,nan,nan,nan,nan,nan,nan,nan,nan
1.000000000000000000e+00,nan,nan,1.000000000000000000e+00,nan,nan,nan,1.000000000000000000e+00,1.000000000000000000e+00,nan,1.000000000000000000e+00,nan,nan,nan,nan,1.000000000000000000e+00,1.000000000000000000e+00,nan,nan,nan,nan,1.000000000000000000e+00,nan,nan,nan,nan,nan,nan,nan,1.000000000000000000e+00,nan,nan,nan,nan,1.000000000000000000e+00,nan,nan,1.000000000000000000e+00,nan,1.000000000000000000e+00,nan,nan,nan,nan,1.000000000000000000e+00,1.000000000000000000e+00,nan,nan,1.000000000000000000e+00,nan,nan,nan,nan,nan,nan,nan,nan,nan,nan,nan,nan,1.000000000000000000e+00,nan,1.000000000000000000e+00,nan,nan,nan,nan,nan,nan,nan,nan,nan,1.000000000000000000e+00,nan,nan,nan,nan,nan,nan,nan,1.000000000000000000e+00,nan,nan,nan,nan,nan,nan,nan,nan,nan
1.000000000000000000e+00,nan,nan,1.000000000000000000e+00,nan,nan,nan,1.000000000000000000e+00,1.000000000000000000e+00,1.000000000000000000e+00,nan,nan,nan,nan,nan,1.000000000000000000e+00,1.000000000000000000e+00,nan,nan,nan,nan,1.000000000000000000e+00,nan,nan,nan,nan,nan,nan,nan,1.000000000000000000e+00,nan,nan,nan,nan,1.000000000000000000e+00,nan,nan,1.000000000000000000e+00,nan,1.000000000000000000e+00,nan,nan,1.000000000000000000e+00,nan,1.000000000000000000e+00,1.000000000000000000e+00,nan,1.000000000000000000e+00,nan,nan,nan,nan,nan,1.000000000000000000e+00,nan,nan,nan,nan,nan,1.000000000000000000e+00,1.000000000000000000e+00,1.000000000000000000e+00,1.000000000000000000e+00,nan,nan,1.000000000000000000e+00,nan,nan,nan,nan,nan,nan,nan,nan,nan,nan,nan,nan,nan,nan,nan,1.000000000000000000e+00,nan,nan,nan,nan,nan,nan,nan,nan,nan
1.000000000000000000e+00,nan,nan,1.000000000000000000e+00,nan,nan,nan,1.000000000000000000e+00,1.000000000000000000e+00,1.000000000000000000e+00,1.000000000000000000e+00,nan,nan,nan,nan,1.000000000000000000e+00,1.000000000000000000e+00,nan,nan,nan,nan,1.000000000000000000e+00,nan,nan,nan,nan,nan,nan,nan,1.000000000000000000e+00,nan,nan,nan,nan,1.000000000000000000e+00,nan,nan,1.000000000000000000e+00,nan,1.000000000000000000e+00,nan,nan,1.000000000000000000e+00,nan,1.000000000000000000e+00,nan,nan,nan,1.000000000000000000e+00,nan,nan,nan,nan,nan,nan,nan,nan,nan,nan,nan,1.000000000000000000e+00,1.000000000000000000e+00,nan,nan,nan,1.000000000000000000e+00,nan,nan,nan,nan,nan,nan,nan,nan,nan,nan,nan,nan,nan,nan,nan,1.000000000000000000e+00,nan,nan,nan,nan,nan,nan,nan,nan,nan
1.000000000000000000e+00,nan,nan,1.000000000000000000e+00,nan,nan,nan,1.000000000000000000e+00,1.000000000000000000e+00,1.000000000000000000e+00,1.000000000000000000e+00,nan,nan,nan,nan,1.000000000000000000e+00,1.000000000000000000e+00,nan,nan,nan,nan,1.000000000000000000e+00,nan,nan,nan,nan,nan,nan,nan,1.000000000000000000e+00,nan,nan,nan,nan,1.000000000000000000e+00,nan,nan,1.000000000000000000e+00,nan,1.000000000000000000e+00,nan,nan,nan,nan,1.000000000000000000e+00,1.000000000000000000e+00,nan,nan,1.000000000000000000e+00,nan,1.000000000000000000e+00,nan,nan,nan,nan,nan,nan,nan,nan,nan,nan,1.000000000000000000e+00,nan,1.000000000000000000e+00,nan,1.000000000000000000e+00,nan,nan,nan,nan,nan,nan,nan,nan,nan,nan,nan,nan,nan,nan,nan,1.000000000000000000e+00,nan,nan,nan,nan,nan,nan,nan,nan,nan
1.000000000000000000e+00,nan,nan,nan,nan,nan,nan,nan,1.000000000000000000e+00,1.000000000000000000e+00,1.000000000000000000e+00,nan,nan,nan,nan,1.000000000000000000e+00,1.000000000000000000e+00,nan,nan,nan,nan,1.000000000000000000e+00,nan,nan,nan,nan,nan,nan,nan,1.000000000000000000e+00,nan,nan,nan,nan,1.000000000000000000e+00,nan,nan,1.000000000000000000e+00,nan,1.000000000000000000e+00,nan,nan,1.000000000000000000e+00,nan,1.000000000000000000e+00,1.000000000000000000e+00,nan,1.000000000000000000e+00,1.000000000000000000e+00,nan,1.000000000000000000e+00,nan,nan,1.000000000000000000e+00,nan,nan,nan,nan,nan,1.000000000000000000e+00,1.000000000000000000e+00,1.000000000000000000e+00,1.000000000000000000e+00,nan,nan,1.000000000000000000e+00,nan,nan,nan,nan,nan,nan,nan,nan,nan,nan,nan,1.000000000000000000e+00,nan,nan,nan,1.000000000000000000e+00,nan,nan,nan,nan,nan,nan,nan,nan,nan
nan,nan,nan,1.000000000000000000e+00,nan,nan,nan,nan,1.000000000000000000e+00,1.000000000000000000e+00,1.000000000000000000e+00,nan,nan,nan,nan,1.000000000000000000e+00,1.000000000000000000e+00,nan,nan,nan,nan,1.000000000000000000e+00,nan,nan,nan,nan,nan,nan,nan,1.000000000000000000e+00,nan,nan,nan,nan,1.000000000000000000e+00,nan,nan,1.000000000000000000e+00,nan,1.000000000000000000e+00,nan,nan,1.000000000000000000e+00,nan,nan,1.000000000000000000e+00,nan,nan,1.000000000000000000e+00,nan,1.000000000000000000e+00,nan,nan,1.000000000000000000e+00,nan,nan,nan,nan,nan,nan,nan,1.000000000000000000e+00,nan,nan,nan,1.000000000000000000e+00,nan,nan,nan,nan,nan,nan,nan,1.000000000000000000e+00,nan,nan,nan,nan,nan,nan,nan,1.000000000000000000e+00,nan,nan,nan,nan,nan,nan,nan,nan,nan
1.000000000000000000e+00,nan,nan,nan,nan,nan,nan,1.000000000000000000e+00,1.000000000000000000e+00,1.000000000000000000e+00,1.000000000000000000e+00,nan,nan,nan,nan,nan,1.000000000000000000e+00,nan,nan,nan,nan,nan,nan,nan,nan,nan,nan,nan,nan,1.000000000000000000e+00,nan,nan,nan,nan,1.000000000000000000e+00,nan,nan,1.000000000000000000e+00,nan,nan,nan,nan,1.000000000000000000e+00,nan,1.000000000000000000e+00,1.000000000000000000e+00,nan,nan,1.000000000000000000e+00,nan,1.000000000000000000e+00,nan,nan,nan,nan,nan,nan,nan,nan,nan,1.000000000000000000e+00,nan,nan,1.000000000000000000e+00,nan,nan,nan,nan,nan,nan,nan,nan,nan,nan,nan,nan,nan,nan,nan,nan,nan,1.000000000000000000e+00,nan,nan,nan,nan,nan,nan,nan,nan,nan
3.859649122807017552e+00,nan,nan,3.388888888888888840e+00,nan,nan,nan,nan,3.872340425531914931e+00,nan,3.358490566037735992e+00,nan,nan,nan,nan,3.936170212765957466e+00,2.942857142857143060e+00,nan,nan,nan,nan,3.783333333333333215e+00,nan,nan,nan,nan,nan,nan,nan,nan,nan,nan,nan,nan,4.153846153846154188e+00,nan,nan,3.562500000000000000e+00,nan,2.959183673469387710e+00,nan,nan,3.473684210526315930e+00,nan,3.388888888888888840e+00,nan,nan,nan,3.872340425531914931e+00,nan,3.706896551724137900e+00,nan,nan,nan,nan,nan,nan,nan,nan,4.028571428571428470e+00,3.382978723404255206e+00,3.796875000000000000e+00,nan,3.452380952380952550e+00,nan,3.194444444444444642e+00,nan,nan,nan,nan,nan,nan,nan,3.977777777777777857e+00,nan,nan,nan,nan,nan,nan,nan,3.729166666666666519e+00,nan,nan,nan,nan,nan,nan,nan,nan,nan
nan,nan,nan,1.000000000000000000e+00,nan,nan,nan,1.000000000000000000e+00,1.000000000000000000e+00,nan,1.000000000000000000e+00,nan,nan,nan,nan,1.000000000000000000e+00,1.000000000000000000e+00,nan,nan,nan,nan,1.000000000000000000e+00,nan,nan,nan,nan,nan,nan,nan,1.000000000000000000e+00,nan,nan,nan,nan,1.000000000000000000e+00,nan,nan,1.000000000000000000e+00,nan,nan,nan,nan,1.000000000000000000e+00,nan,1.000000000000000000e+00,nan,nan,nan,1.000000000000000000e+00,nan,1.000000000000000000e+00,nan,nan,nan,nan,nan,nan,nan,nan,1.000000000000000000e+00,1.000000000000000000e+00,1.000000000000000000e+00,nan,1.000000000000000000e+00,nan,1.000000000000000000e+00,nan,nan,nan,nan,nan,nan,nan,1.000000000000000000e+00,nan,nan,nan,nan,nan,nan,nan,1.000000000000000000e+00,nan,nan,nan,nan,nan,nan,nan,nan,nan
nan,nan,nan,nan,nan,nan,nan,nan,1.000000000000000000e+00,1.000000000000000000e+00,1.000000000000000000e+00,nan,nan,nan,nan,nan,nan,nan,nan,nan,nan,1.000000000000000000e+00,nan,nan,nan,nan,nan,nan,nan,1.000000000000000000e+00,nan,nan,nan,nan,1.000000000000000000e+00,nan,nan,1.000000000000000000e+00,nan,nan,nan,nan,1.000000000000000000e+00,nan,nan,nan,nan,nan,nan,nan,1.000000000000000000e+00,nan,nan,nan,nan,nan,nan,nan,nan,nan,nan,1.000000000000000000e+00,nan,nan,nan,1.000000000000000000e+00,nan,nan,nan,nan,nan,nan,nan,1.000000000000000000e+00,nan,nan,nan,nan,nan,nan,nan,1.000000000000000000e+00,nan,nan,nan,nan,nan,nan,nan,nan,nan
nan,nan,nan,nan,nan,nan,nan,nan,nan,nan,1.000000000000000000e+00,nan,nan,nan,nan,nan,nan,nan,nan,nan,nan,nan,nan,nan,nan,nan,nan,nan,nan,1.000000000000000000e+00,nan,nan,nan,nan,1.000000000000000000e+00,nan,nan,1.000000000000000000e+00,nan,nan,nan,nan,1.000000000000000000e+00,nan,1.000000000000000000e+00,1.000000000000000000e+00,nan,1.000000000000000000e+00,1.000000000000000000e+00,nan,nan,nan,nan,1.000000000000000000e+00,nan,nan,nan,nan,nan,1.000000000000000000e+00,1.000000000000000000e+00,1.000000000000000000e+00,1.000000000000000000e+00,1.000000000000000000e+00,nan,nan,nan,nan,nan,nan,nan,nan,nan,1.000000000000000000e+00,nan,nan,nan,1.000000000000000000e+00,nan,nan,nan,1.000000000000000000e+00,nan,nan,nan,nan,nan,nan,nan,nan,nan
1.000000000000000000e+00,nan,nan,nan,nan,nan,nan,1.000000000000000000e+00,1.000000000000000000e+00,1.000000000000000000e+00,1.000000000000000000e+00,nan,nan,nan,nan,1.000000000000000000e+00,nan,nan,nan,nan,nan,nan,nan,nan,nan,nan,nan,nan,nan,1.000000000000000000e+00,nan,nan,nan,nan,1.000000000000000000e+00,nan,nan,1.000000000000000000e+00,nan,1.000000000000000000e+00,nan,nan,1.000000000000000000e+00,nan,1.000000000000000000e+00,1.000000000000000000e+00,nan,1.000000000000000000e+00,1.000000000000000000e+00,nan,1.000000000000000000e+00,nan,nan,nan,nan,nan,nan,nan,nan,1.000000000000000000e+00,1.000000000000000000e+00,nan,nan,nan,nan,nan,nan,nan,nan,nan,nan,nan,nan,nan,nan,nan,nan,nan,nan,nan,nan,nan,nan,nan,nan,nan,nan,nan,nan,nan,nan
3.448275862068965303e+00,nan,nan,2.910256410256410131e+00,nan,nan,nan,3.123287671232876761e+00,nan,nan,nan,nan,nan,nan,nan,3.369047619047619069e+00,nan,nan,nan,nan,nan,nan,nan,nan,nan,nan,nan,nan,nan,3.529411764705882248e+00,nan,nan,nan,nan,nan,nan,nan,nan,nan,3.014492753623188470e+00,nan,nan,nan,nan,nan,nan,nan,nan,2.972222222222222321e+00,nan,nan,nan,nan,nan,nan,nan,nan,nan,nan,nan,nan,2.968750000000000000e+00,nan,nan,nan,nan,nan,nan,nan,nan,nan,nan,nan,nan,nan,nan,nan,nan,nan,nan,nan,nan,nan,nan,nan,nan,nan,nan,nan,nan,nan
1.000000000000000000e+00,nan,nan,nan,nan,nan,nan,1.000000000000000000e+00,nan,nan,1.000000000000000000e+00,nan,nan,nan,nan,1.000000000000000000e+00,nan,nan,nan,nan,nan,nan,nan,nan,nan,nan,nan,nan,nan,1.000000000000000000e+00,nan,nan,nan,nan,nan,nan,nan,1.000000000000000000e+00,nan,1.000000000000000000e+00,nan,nan,1.000000000000000000e+00,nan,1.000000000000000000e+00,1.000000000000000000e+00,nan,1.000000000000000000e+00,1.000000000000000000e+00,nan,nan,nan,nan,1.000000000000000000e+00,nan,nan,nan,nan,nan,1.000000000000000000e+00,1.000000000000000000e+00,nan,nan,1.000000000000000000e+00,nan,nan,nan,nan,nan,nan,nan,nan,nan,1.000000000000000000e+00,nan,nan,nan,nan,nan,nan,nan,nan,nan,nan,nan,nan,nan,nan,nan,nan,nan
1.000000000000000000e+00,nan,nan,nan,nan,nan,nan,1.000000000000000000e+00,nan,nan,1.000000000000000000e+00,nan,nan,nan,nan,1.000000000000000000e+00,nan,nan,nan,nan,nan,nan,nan,nan,nan,nan,nan,nan,nan,1.000000000000000000e+00,nan,nan,nan,nan,nan,nan,nan,1.000000000000000000e+00,nan,1.000000000000000000e+00,nan,nan,1.000000000000000000e+00,nan,1.000000000000000000e+00,1.000000000000000000e+00,nan,nan,1.000000000000000000e+00,nan,nan,nan,nan,nan,nan,nan,nan,nan,nan,nan,nan,1.000000000000000000e+00,nan,1.000000000000000000e+00,nan,nan,nan,nan,nan,nan,nan,nan,nan,1.000000000000000000e+00,nan,nan,nan,nan,nan,nan,nan,nan,nan,nan,nan,nan,nan,nan,nan,nan,nan
3.780487804878048586e+00,nan,nan,nan,nan,nan,nan,3.620000000000000107e+00,3.682926829268292845e+00,3.833333333333333481e+00,3.395348837209302140e+00,nan,nan,nan,nan,4.157894736842105310e+00,nan,nan,nan,nan,nan,3.642857142857142794e+00,nan,nan,nan,nan,nan,nan,nan,3.404761904761904656e+00,nan,nan,nan,nan,nan,nan,nan,nan,nan,3.385964912280701622e+00,nan,nan,3.348837209302325757e+00,nan,3.169811320754717165e+00,3.681818181818181657e+00,nan,nan,3.488888888888888928e+00,nan,3.795454545454545414e+00,nan,nan,nan,nan,nan,nan,nan,nan,3.860465116279069964e+00,3.750000000000000000e+00,3.390243902439024293e+00,nan,3.979591836734694077e+00,nan,3.700000000000000178e+00,nan,nan,nan,nan,nan,nan,nan,3.875000000000000000e+00,nan,nan,nan,4.000000000000000000e+00,nan,nan,nan,3.461538461538461675e+00,nan,nan,nan,nan,nan,nan,nan,nan,nan
1.000000000000000000e+00,nan,nan,nan,nan,nan,nan,1.000000000000000000e+00,nan,nan,nan,nan,nan,nan,nan,nan,nan,nan,nan,nan,nan,nan,nan,nan,nan,nan,nan,nan,nan,nan,nan,nan,nan,nan,nan,nan,nan,nan,nan,1.000000000000000000e+00,nan,nan,1.000000000000000000e+00,nan,nan,nan,nan,nan,1.000000000000000000e+00,nan,nan,nan,nan,nan,nan,nan,nan,nan,nan,nan,nan,1.000000000000000000e+00,nan,nan,nan,nan,nan,nan,nan,nan,nan,nan,nan,1.000000000000000000e+00,nan,nan,nan,nan,nan,nan,nan,nan,nan,nan,nan,nan,nan,nan,nan,nan,nan
nan,nan,nan,5.066666666666666430e+00,nan,nan,nan,3.799999999999999822e+00,3.659090909090909172e+00,nan,3.750000000000000000e+00,nan,nan,nan,nan,3.714285714285714413e+00,3.588235294117647189e+00,nan,nan,nan,nan,4.138888888888889284e+00,nan,nan,nan,nan,nan,nan,nan,3.717948717948718063e+00,nan,nan,nan,nan,nan,nan,nan,3.567567567567567544e+00,nan,nan,nan,nan,3.548387096774193505e+00,nan,4.078947368421052211e+00,3.891891891891892108e+00,nan,3.571428571428571619e+00,3.952380952380952550e+00,nan,4.107142857142856762e+00,nan,nan,3.785714285714285587e+00,nan,nan,nan,nan,nan,3.138888888888888840e+00,3.709677419354838523e+00,3.696969696969696795e+00,3.571428571428571619e+00,3.757575757575757791e+00,nan,3.888888888888888840e+00,nan,nan,nan,nan,nan,nan,nan,4.000000000000000000e+00,nan,nan,nan,2.972222222222222321e+00,nan,nan,nan,3.904761904761904656e+00,nan,nan,nan,nan,nan,nan,nan,nan,nan
nan,nan,nan,1.000000000000000000e+00,nan,nan,nan,1.000000000000000000e+00,1.000000000000000000e+00,nan,1.000000000000000000e+00,nan,nan,nan,nan,nan,1.000000000000000000e+00,nan,nan,nan,nan,1.000000000000000000e+00,nan,nan,nan,nan,nan,nan,nan,1.000000000000000000e+00,nan,nan,nan,nan,nan,nan,nan,1.000000000000000000e+00,nan,1.000000000000000000e+00,nan,nan,nan,nan,1.000000000000000000e+00,nan,nan,1.000000000000000000e+00,1.000000000000000000e+00,nan,1.000000000000000000e+00,nan,nan,1.000000000000000000e+00,nan,nan,nan,nan,nan,nan,nan,1.000000000000000000e+00,1.000000000000000000e+00,1.000000000000000000e+00,nan,1.000000000000000000e+00,nan,nan,nan,nan,nan,nan,nan,nan,nan,nan,nan,nan,nan,nan,nan,1.000000000000000000e+00,nan,nan,nan,nan,nan,nan,nan,nan,nan
nan,nan,nan,1.000000000000000000e+00,nan,nan,nan,1.000000000000000000e+00,1.000000000000000000e+00,1.000000000000000000e+00,1.000000000000000000e+00,nan,nan,nan,nan,1.000000000000000000e+00,1.000000000000000000e+00,nan,nan,nan,nan,1.000000000000000000e+00,nan,nan,nan,nan,nan,nan,nan,1.000000000000000000e+00,nan,nan,nan,nan,nan,nan,nan,1.000000000000000000e+00,nan,1.000000000000000000e+00,nan,nan,1.000000000000000000e+00,nan,1.000000000000000000e+00,nan,nan,1.000000000000000000e+00,1.000000000000000000e+00,nan,1.000000000000000000e+00,nan,nan,1.000000000000000000e+00,nan,nan,nan,nan,nan,1.000000000000000000e+00,1.000000000000000000e+00,1.000000000000000000e+00,1.000000000000000000e+00,1.000000000000000000e+00,nan,1.000000000000000000e+00,nan,nan,nan,nan,nan,nan,nan,1.000000000000000000e+00,nan,nan,nan,1.000000000000000000e+00,nan,nan,nan,1.000000000000000000e+00,nan,nan,nan,nan,nan,nan,nan,nan,nan
nan,nan,nan,3.702127659574467877e+00,nan,nan,nan,3.816326530612244916e+00,3.511111111111111072e+00,3.510638297872340274e+00,3.483870967741935498e+00,nan,nan,nan,nan,3.250000000000000000e+00,3.212765957446808596e+00,nan,nan,nan,nan,nan,nan,nan,nan,nan,nan,nan,nan,3.913043478260869623e+00,nan,nan,nan,nan,nan,nan,nan,3.936170212765957466e+00,nan,3.428571428571428381e+00,nan,nan,nan,nan,3.787234042553191404e+00,3.333333333333333481e+00,nan,nan,3.392156862745097978e+00,nan,3.192982456140351033e+00,nan,nan,nan,nan,nan,nan,nan,nan,4.056603773584905426e+00,3.311111111111110894e+00,3.535714285714285587e+00,nan,3.612244897959183465e+00,nan,4.189655172413792705e+00,nan,nan,nan,nan,nan,nan,nan,3.718750000000000000e+00,nan,nan,nan,nan,nan,nan,nan,3.707317073170731891e+00,nan,nan,nan,nan,nan,nan,nan,nan,nan
nan,nan,nan,1.000000000000000000e+00,nan,nan,nan,1.000000000000000000e+00,1.000000000000000000e+00,nan,1.000000000000000000e+00,nan,nan,nan,nan,1.000000000000000000e+00,1.000000000000000000e+00,nan,nan,nan,nan,1.000000000000000000e+00,nan,nan,nan,nan,nan,nan,nan,1.000000000000000000e+00,nan,nan,nan,nan,nan,nan,nan,1.000000000000000000e+00,nan,1.000000000000000000e+00,nan,nan,1.000000000000000000e+00,nan,1.000000000000000000e+00,1.000000000000000000e+00,nan,nan,1.000000000000000000e+00,nan,1.000000000000000000e+00,nan,nan,nan,nan,nan,nan,nan,nan,1.000000000000000000e+00,1.000000000000000000e+00,1.000000000000000000e+00,nan,nan,nan,1.000000000000000000e+00,nan,nan,nan,nan,nan,nan,nan,1.000000000000000000e+00,nan,nan,nan,nan,nan,nan,nan,1.000000000000000000e+00,nan,nan,nan,nan,nan,nan,nan,nan,nan
nan,nan,nan,3.465116279069767380e+00,nan,nan,nan,nan,3.603773584905660243e+00,nan,nan,nan,nan,nan,nan,3.696969696969696795e+00,3.350000000000000089e+00,nan,nan,nan,nan,3.111111111111111160e+00,nan,nan,nan,nan,nan,nan,nan,3.301886792452830122e+00,nan,nan,nan,nan,nan,nan,nan,4.224489795918366930e+00,nan,3.274999999999999911e+00,nan,nan,3.419999999999999929e+00,nan,nan,3.193548387096774022e+00,nan,nan,4.184210526315789380e+00,nan,nan,nan,nan,3.437500000000000000e+00,nan,nan,nan,nan,nan,3.888888888888888840e+00,3.575000000000000178e+00,3.642857142857142794e+00,3.899999999999999911e+00,4.088888888888888573e+00,nan,3.717391304347826164e+00,nan,nan,nan,nan,nan,nan,nan,3.477272727272727071e+00,nan,nan,nan,nan,nan,nan,nan,3.686274509803921351e+00,nan,nan,nan,nan,nan,nan,nan,nan,nan
nan,nan,nan,nan,nan,nan,nan,nan,nan,nan,3.162790697674418450e+00,nan,nan,nan,nan,nan,2.979999999999999982e+00,nan,nan,nan,nan,nan,nan,nan,nan,nan,nan,nan,nan,3.035714285714285587e+00,nan,nan,nan,nan,nan,nan,nan,3.181818181818181657e+00,nan,3.694444444444444642e+00,nan,nan,2.647058823529411686e+00,nan,3.272727272727272929e+00,nan,nan,4.000000000000000000e+00,4.169491525423729250e+00,nan,nan,nan,nan,3.921568627450980227e+00,nan,nan,nan,nan,nan,3.976190476190476275e+00,3.148936170212766061e+00,3.172413793103448398e+00,5.346153846153845812e+00,nan,nan,nan,nan,nan,nan,nan,nan,nan,nan,4.157894736842105310e+00,nan,nan,nan,nan,nan,nan,nan,nan,nan,nan,nan,nan,nan,nan,nan,nan,nan
nan,nan,nan,nan,nan,nan,nan,1.000000000000000000e+00,nan,nan,nan,nan,nan,nan,nan,1.000000000000000000e+00,1.000000000000000000e+00,nan,nan,nan,nan,nan,nan,nan,nan,nan,nan,nan,nan,1.000000000000000000e+00,nan,nan,nan,nan,nan,nan,nan,1.000000000000000000e+00,nan,1.000000000000000000e+00,nan,nan,1.000000000000000000e+00,nan,nan,1.000000000000000000e+00,nan,1.000000000000000000e+00,1.000000000000000000e+00,nan,nan,nan,nan,nan,nan,nan,nan,nan,nan,1.000000000000000000e+00,nan,1.000000000000000000e+00,nan,1.000000000000000000e+00,nan,nan,nan,nan,nan,nan,nan,nan,nan,1.000000000000000000e+00,nan,nan,nan,nan,nan,nan,nan,1.000000000000000000e+00,nan,nan,nan,nan,nan,nan,nan,nan,nan
nan,nan,nan,nan,nan,nan,nan,nan,nan,nan,3.555555555555555358e+00,nan,nan,nan,nan,nan,3.634146341463414753e+00,nan,nan,nan,nan,nan,nan,nan,nan,nan,nan,nan,nan,3.274999999999999911e+00,nan,nan,nan,nan,nan,nan,nan,3.509433962264151052e+00,nan,2.818181818181818343e+00,nan,nan,4.219512195121951414e+00,nan,3.891891891891892108e+00,2.604651162790697860e+00,nan,nan,3.173076923076922906e+00,nan,nan,nan,nan,nan,nan,nan,nan,nan,nan,3.057142857142856940e+00,3.405405405405405261e+00,3.214285714285714413e+00,nan,nan,nan,nan,nan,nan,nan,nan,nan,nan,nan,3.055555555555555358e+00,nan,nan,nan,3.000000000000000000e+00,nan,nan,nan,nan,nan,nan,nan,nan,nan,nan,nan,nan,nan
nan,nan,nan,nan,nan,nan,nan,3.720588235294117752e+00,nan,nan,3.619047619047619069e+00,nan,nan,nan,nan,nan,4.326923076923076650e+00,nan,nan,nan,nan,nan,nan,nan,nan,nan,nan,nan,nan,3.611940298507462899e+00,nan,nan,nan,nan,nan,nan,nan,3.647887323943661997e+00,nan,4.116279069767442067e+00,nan,nan,3.803571428571428381e+00,nan,3.581395348837209447e+00,3.686274509803921351e+00,nan,3.522388059701492491e+00,nan,nan,3.526315789473684070e+00,nan,nan,nan,nan,nan,nan,nan,nan,3.500000000000000000e+00,3.741379310344827402e+00,3.540000000000000036e+00,nan,3.508771929824561209e+00,nan,4.208955223880597174e+00,nan,nan,nan,nan,nan,nan,nan,3.771929824561403688e+00,nan,nan,nan,nan,nan,nan,nan,nan,nan,nan,nan,nan,nan,nan,nan,nan,nan
nan,nan,nan,nan,nan,nan,nan,nan,1.000000000000000000e+00,1.000000000000000000e+00,1.000000000000000000e+00,nan,nan,nan,nan,1.000000000000000000e+00,1.000000000000000000e+00,nan,nan,nan,nan,1.000000000000000000e+00,nan,nan,nan,nan,nan,nan,nan,1.000000000000000000e+00,nan,nan,nan,nan,nan,nan,nan,1.000000000000000000e+00,nan,1.000000000000000000e+00,nan,nan,1.000000000000000000e+00,nan,1.000000000000000000e+00,nan,nan,1.000000000000000000e+00,nan,nan,1.000000000000000000e+00,nan,nan,1.000000000000000000e+00,nan,nan,nan,nan,nan,1.000000000000000000e+00,1.000000000000000000e+00,1.000000000000000000e+00,1.000000000000000000e+00,1.000000000000000000e+00,nan,1.000000000000000000e+00,nan,nan,nan,nan,nan,nan,nan,nan,nan,nan,nan,nan,nan,nan,nan,1.000000000000000000e+00,nan,nan,nan,nan,nan,nan,nan,nan,nan
nan,nan,nan,nan,nan,nan,nan,nan,4.120689655172413701e+00,3.396226415094339757e+00,3.549999999999999822e+00,nan,nan,nan,nan,3.585365853658536661e+00,3.640000000000000124e+00,nan,nan,nan,nan,3.238095238095238138e+00,nan,nan,nan,nan,nan,nan,nan,3.282051282051281937e+00,nan,nan,nan,nan,nan,nan,nan,3.000000000000000000e+00,nan,nan,nan,nan,3.666666666666666519e+00,nan,4.071428571428571175e+00,nan,nan,nan,3.468085106382978733e+00,nan,nan,nan,nan,nan,nan,nan,nan,nan,nan,2.863636363636363757e+00,4.634615384615385025e+00,3.044444444444444287e+00,nan,3.955555555555555713e+00,nan,3.350000000000000089e+00,nan,nan,nan,nan,nan,nan,nan,nan,nan,nan,nan,nan,nan,nan,nan,3.512195121951219523e+00,nan,nan,nan,nan,nan,nan,nan,nan,nan
nan,nan,nan,nan,nan,nan,nan,nan,1.000000000000000000e+00,1.000000000000000000e+00,1.000000000000000000e+00,nan,nan,nan,nan,nan,1.000000000000000000e+00,nan,nan,nan,nan,1.000000000000000000e+00,nan,nan,nan,nan,nan,nan,nan,1.000000000000000000e+00,nan,nan,nan,nan,nan,nan,nan,1.000000000000000000e+00,nan,nan,nan,nan,1.000000000000000000e+00,nan,1.000000000000000000e+00,nan,nan,nan,nan,nan,1.000000000000000000e+00,nan,nan,nan,nan,nan,nan,nan,nan,1.000000000000000000e+00,1.000000000000000000e+00,1.000000000000000000e+00,nan,1.000000000000000000e+00,nan,1.000000000000000000e+00,nan,nan,nan,nan,nan,nan,nan,nan,nan,nan,nan,nan,nan,nan,nan,1.000000000000000000e+00,nan,nan,nan,nan,nan,nan,nan,nan,nan
nan,nan,nan,nan,nan,nan,nan,nan,nan,nan,nan,nan,nan,nan,nan,1.000000000000000000e+00,1.000000000000000000e+00,nan,nan,nan,nan,nan,nan,nan,nan,nan,nan,nan,nan,nan,nan,nan,nan,nan,nan,nan,nan,nan,nan,nan,nan,nan,nan,nan,nan,nan,nan,1.000000000000000000e+00,1.000000000000000000e+00,nan,nan,nan,nan,1.000000000000000000e+00,nan,nan,nan,nan,nan,nan,1.000000000000000000e+00,1.000000000000000000e+00,1.000000000000000000e+00,nan,nan,nan,nan,nan,nan,nan,nan,nan,nan,1.000000000000000000e+00,nan,nan,nan,1.000000000000000000e+00,nan,nan,nan,nan,nan,nan,nan,nan,nan,nan,nan,nan,nan
nan,nan,nan,nan,nan,nan,nan,nan,nan,nan,3.628571428571428559e+00,nan,nan,nan,nan,2.347826086956521952e+00,2.724137931034482651e+00,nan,nan,nan,nan,nan,nan,nan,nan,nan,nan,nan,nan,3.255813953488372103e+00,nan,nan,nan,nan,nan,nan,nan,2.406250000000000000e+00,nan,3.655172413793103647e+00,nan,nan,3.562500000000000000e+00,nan,3.350000000000000089e+00,3.833333333333333481e+00,nan,2.970588235294117752e+00,2.727272727272727071e+00,nan,nan,nan,nan,nan,nan,nan,nan,nan,nan,nan,nan,2.974358974358974450e+00,3.216216216216216228e+00,3.321428571428571619e+00,nan,nan,nan,nan,nan,nan,nan,nan,nan,3.166666666666666519e+00,nan,nan,nan,3.600000000000000089e+00,nan,nan,nan,nan,nan,nan,nan,nan,nan,nan,nan,nan,nan
nan,nan,nan,nan,nan,nan,nan,nan,nan,nan,nan,nan,nan,nan,nan,nan,1.000000000000000000e+00,nan,nan,nan,nan,1.000000000000000000e+00,nan,nan,nan,nan,nan,nan,nan,1.000000000000000000e+00,nan,nan,nan,nan,nan,nan,nan,1.000000000000000000e+00,nan,nan,nan,nan,nan,nan,1.000000000000000000e+00,nan,nan,1.000000000000000000e+00,1.000000000000000000e+00,nan,nan,nan,nan,1.000000000000000000e+00,nan,nan,nan,nan,nan,1.000000000000000000e+00,1.000000000000000000e+00,1.000000000000000000e+00,1.000000000000000000e+00,1.000000000000000000e+00,nan,nan,nan,nan,nan,nan,nan,nan,nan,1.000000000000000000e+00,nan,nan,nan,1.000000000000000000e+00,nan,nan,nan,nan,nan,nan,nan,nan,nan,nan,nan,nan,nan
nan,nan,nan,nan,nan,nan,nan,1.000000000000000000e+00,1.000000000000000000e+00,1.000000000000000000e+00,1.000000000000000000e+00,nan,nan,nan,nan,1.000000000000000000e+00,1.000000000000000000e+00,nan,nan,nan,nan,1.000000000000000000e+00,nan,nan,nan,nan,nan,nan,nan,1.000000000000000000e+00,nan,nan,nan,nan,nan,nan,nan,1.000000000000000000e+00,nan,1.000000000000000000e+00,nan,nan,1.000000000000000000e+00,nan,1.000000000000000000e+00,1.000000000000000000e+00,nan,1.000000000000000000e+00,1.000000000000000000e+00,nan,1.000000000000000000e+00,nan,nan,nan,nan,nan,nan,nan,nan,1.000000000000000000e+00,1.000000000000000000e+00,1.000000000000000000e+00,nan,1.000000000000000000e+00,nan,1.000000000000000000e+00,nan,nan,nan,nan,nan,nan,nan,1.000000000000000000e+00,nan,nan,nan,1.000000000000000000e+00,nan,nan,nan,1.000000000000000000e+00,nan,nan,nan,nan,nan,nan,nan,nan,nan
nan,nan,nan,nan,nan,nan,nan,nan,1.000000000000000000e+00,nan,nan,nan,nan,nan,nan,1.000000000000000000e+00,1.000000000000000000e+00,nan,nan,nan,nan,1.000000000000000000e+00,nan,nan,nan,nan,nan,nan,nan,1.000000000000000000e+00,nan,nan,nan,nan,nan,nan,nan,1.000000000000000000e+00,nan,1.000000000000000000e+00,nan,nan,1.000000000000000000e+00,nan,1.000000000000000000e+00,nan,nan,1.000000000000000000e+00,1.000000000000000000e+00,nan,1.000000000000000000e+00,nan,nan,nan,nan,nan,nan,nan,nan,1.000000000000000000e+00,1.000000000000000000e+00,1.000000000000000000e+00,1.000000000000000000e+00,1.000000000000000000e+00,nan,1.000000000000000000e+00,nan,nan,nan,nan,nan,nan,nan,1.000000000000000000e+00,nan,nan,nan,nan,nan,nan,nan,1.000000000000000000e+00,nan,nan,nan,nan,nan,nan,nan,nan,nan
nan,nan,nan,nan,nan,nan,nan,1.000000000000000000e+00,1.000000000000000000e+00,nan,1.000000000000000000e+00,nan,nan,nan,nan,1.000000000000000000e+00,1.000000000000000000e+00,nan,nan,nan,nan,1.000000000000000000e+00,nan,nan,nan,nan,nan,nan,nan,1.000000000000000000e+00,nan,nan,nan,nan,nan,nan,nan,1.000000000000000000e+00,nan,1.000000000000000000e+00,nan,nan,1.000000000000000000e+00,nan,1.000000000000000000e+00,1.000000000000000000e+00,nan,1.000000000000000000e+00,1.000000000000000000e+00,nan,1.000000000000000000e+00,nan,nan,1.000000000000000000e+00,nan,nan,nan,nan,nan,1.000000000000000000e+00,1.000000000000000000e+00,1.000000000000000000e+00,1.000000000000000000e+00,1.000000000000000000e+00,nan,1.000000000000000000e+00,nan,nan,nan,nan,nan,nan,nan,1.000000000000000000e+00,nan,nan,nan,1.000000000000000000e+00,nan,nan,nan,1.000000000000000000e+00,nan,nan,nan,nan,nan,nan,nan,nan,nan
nan,nan,nan,nan,nan,nan,nan,nan,nan,1.000000000000000000e+00,nan,nan,nan,nan,nan,nan,1.000000000000000000e+00,nan,nan,nan,nan,nan,nan,nan,nan,nan,nan,nan,nan,1.000000000000000000e+00,nan,nan,nan,nan,nan,nan,nan,1.000000000000000000e+00,nan,nan,nan,nan,1.000000000000000000e+00,nan,1.000000000000000000e+00,1.000000000000000000e+00,nan,1.000000000000000000e+00,1.000000000000000000e+00,nan,1.000000000000000000e+00,nan,nan,1.000000000000000000e+00,nan,nan,nan,nan,nan,1.000000000000000000e+00,1.000000000000000000e+00,1.000000000000000000e+00,1.000000000000000000e+00,1.000000000000000000e+00,nan,1.000000000000000000e+00,nan,nan,nan,nan,nan,nan,nan,1.000000000000000000e+00,nan,nan,nan,1.000000000000000000e+00,nan,nan,nan,1.000000000000000000e+00,nan,nan,nan,nan,nan,nan,nan,nan,nan
nan,nan,nan,nan,nan,nan,nan,3.950000000000000178e+00,3.406250000000000000e+00,nan,nan,nan,nan,nan,nan,3.962962962962962798e+00,3.955555555555555713e+00,nan,nan,nan,nan,nan,nan,nan,nan,nan,nan,nan,nan,3.774999999999999911e+00,nan,nan,nan,nan,nan,nan,nan,3.342857142857142971e+00,nan,3.583333333333333481e+00,nan,nan,3.560000000000000053e+00,nan,3.302325581395348930e+00,3.794117647058823373e+00,nan,3.945945945945946054e+00,3.891891891891892108e+00,nan,nan,nan,nan,nan,nan,nan,nan,nan,nan,nan,3.651162790697674243e+00,3.836363636363636420e+00,3.575000000000000178e+00,3.617647058823529438e+00,nan,3.457142857142857295e+00,nan,nan,nan,nan,nan,nan,nan,4.031250000000000000e+00,nan,nan,nan,4.340909090909090828e+00,nan,nan,nan,3.500000000000000000e+00,nan,nan,nan,nan,nan,nan,nan,nan,nan
nan,nan,nan,nan,nan,nan,nan,3.649999999999999911e+00,3.490196078431372584e+00,3.847826086956521952e+00,3.404761904761904656e+00,nan,nan,nan,nan,nan,3.785714285714285587e+00,nan,nan,nan,nan,nan,nan,nan,nan,nan,nan,nan,nan,3.741935483870967527e+00,nan,nan,nan,nan,nan,nan,nan,3.209677419354838523e+00,nan,3.884615384615384581e+00,nan,nan,3.571428571428571619e+00,nan,4.250000000000000000e+00,nan,nan,3.804878048780487632e+00,4.065217391304347672e+00,nan,3.541666666666666519e+00,nan,nan,nan,nan,nan,nan,nan,nan,3.428571428571428381e+00,nan,3.399999999999999911e+00,nan,3.575000000000000178e+00,nan,3.450000000000000178e+00,nan,nan,nan,nan,nan,nan,nan,4.047619047619047450e+00,nan,nan,nan,3.514285714285714235e+00,nan,nan,nan,4.355555555555555181e+00,nan,nan,nan,nan,nan,nan,nan,nan,nan
nan,nan,nan,nan,nan,nan,nan,3.913043478260869623e+00,nan,nan,3.562500000000000000e+00,nan,nan,nan,nan,3.652173913043478048e+00,3.245283018867924696e+00,nan,nan,nan,nan,3.500000000000000000e+00,nan,nan,nan,nan,nan,nan,nan,3.651162790697674243e+00,nan,nan,nan,nan,nan,nan,nan,3.905660377358490365e+00,nan,3.804878048780487632e+00,nan,nan,2.868421052631578760e+00,nan,4.187500000000000000e+00,3.000000000000000000e+00,nan,3.512195121951219523e+00,3.608695652173913082e+00,nan,nan,nan,nan,3.857142857142857206e+00,nan,nan,nan,nan,nan,3.588235294117647189e+00,3.384615384615384581e+00,nan,4.093023255813953654e+00,3.577777777777777946e+00,nan,3.653846153846153744e+00,nan,nan,nan,nan,nan,nan,nan,3.357142857142857206e+00,nan,nan,nan,3.564102564102564319e+00,nan,nan,nan,2.870967741935483986e+00,nan,nan,nan,nan,nan,nan,nan,nan,nan
nan,nan,nan,nan,nan,nan,nan,nan,nan,nan,nan,nan,nan,nan,nan,3.097560975609756184e+00,3.647058823529411686e+00,nan,nan,nan,nan,nan,nan,nan,nan,nan,nan,nan,nan,3.511111111111111072e+00,nan,nan,nan,nan,nan,nan,nan,3.527777777777777679e+00,nan,nan,nan,nan,3.000000000000000000e+00,nan,2.899999999999999911e+00,2.951219512195121908e+00,nan,nan,nan,nan,4.054054054054054390e+00,nan,nan,3.181818181818181657e+00,nan,nan,nan,nan,nan,3.309523809523809312e+00,3.731707317073170938e+00,2.977777777777777857e+00,nan,nan,nan,nan,nan,nan,nan,nan,nan,nan,nan,3.605263157894736725e+00,nan,nan,nan,3.235294117647058876e+00,nan,nan,nan,nan,nan,nan,nan,nan,nan,nan,nan,nan,nan
nan,nan,nan,nan,nan,nan,nan,4.111111111111110716e+00,3.387755102040816535e+00,3.622222222222222232e+00,3.439024390243902385e+00,nan,nan,nan,nan,nan,4.212765957446808152e+00,nan,nan,nan,nan,3.574468085106382809e+00,nan,nan,nan,nan,nan,nan,nan,3.799999999999999822e+00,nan,nan,nan,nan,nan,nan,nan,3.325581395348837344e+00,nan,3.714285714285714413e+00,nan,nan,3.911764705882352811e+00,nan,3.229166666666666519e+00,nan,nan,3.076923076923077094e+00,4.583333333333333037e+00,nan,4.305555555555555358e+00,nan,nan,3.943396226415094130e+00,nan,nan,nan,nan,nan,nan,4.307692307692307487e+00,3.529411764705882248e+00,3.439024390243902385e+00,nan,nan,3.894736842105263275e+00,nan,nan,nan,nan,nan,nan,nan,4.604651162790697860e+00,nan,nan,nan,nan,nan,nan,nan,3.850000000000000089e+00,nan,nan,nan,nan,nan,nan,nan,nan,nan
nan,nan,nan,nan,nan,nan,nan,1.000000000000000000e+00,1.000000000000000000e+00,1.000000000000000000e+00,1.000000000000000000e+00,nan,nan,nan,nan,nan,1.000000000000000000e+00,nan,nan,nan,nan,1.000000000000000000e+00,nan,nan,nan,nan,nan,nan,nan,1.000000000000000000e+00,nan,nan,nan,nan,nan,nan,nan,1.000000000000000000e+00,nan,1.000000000000000000e+00,nan,nan,1.000000000000000000e+00,nan,1.000000000000000000e+00,1.000000000000000000e+00,nan,nan,1.000000000000000000e+00,nan,1.000000000000000000e+00,nan,nan,nan,nan,nan,nan,nan,nan,1.000000000000000000e+00,1.000000000000000000e+00,1.000000000000000000e+00,1.000000000000000000e+00,1.000000000000000000e+00,nan,1.000000000000000000e+00,nan,nan,nan,nan,nan,nan,nan,1.000000000000000000e+00,nan,nan,nan,nan,nan,nan,nan,1.000000000000000000e+00,nan,nan,nan,nan,nan,nan,nan,nan,nan
nan,nan,nan,nan,nan,nan,nan,3.333333333333333481e+00,3.781250000000000000e+00,4.238095238095238138e+00,3.979591836734694077e+00,nan,nan,nan,nan,nan,4.189189189189189477e+00,nan,nan,nan,nan,nan,nan,nan,nan,nan,nan,nan,nan,4.000000000000000000e+00,nan,nan,nan,nan,nan,nan,nan,3.448275862068965303e+00,nan,4.022727272727272485e+00,nan,nan,3.600000000000000089e+00,nan,3.952380952380952550e+00,nan,nan,nan,4.103448275862069394e+00,nan,3.444444444444444642e+00,nan,nan,nan,nan,nan,nan,nan,nan,3.511627906976744207e+00,3.384615384615384581e+00,3.365853658536585247e+00,nan,3.899999999999999911e+00,nan,nan,nan,nan,nan,nan,nan,nan,nan,3.914285714285714146e+00,nan,nan,nan,3.540540540540540349e+00,nan,nan,nan,3.416666666666666519e+00,nan,nan,nan,nan,nan,nan,nan,nan,nan
nan,nan,nan,nan,nan,nan,nan,1.000000000000000000e+00,1.000000000000000000e+00,1.000000000000000000e+00,1.000000000000000000e+00,nan,nan,nan,nan,1.000000000000000000e+00,1.000000000000000000e+00,nan,nan,nan,nan,1.000000000000000000e+00,nan,nan,nan,nan,nan,nan,nan,1.000000000000000000e+00,nan,nan,nan,nan,nan,nan,nan,1.000000000000000000e+00,nan,1.000000000000000000e+00,nan,nan,1.000000000000000000e+00,nan,1.000000000000000000e+00,nan,nan,nan,nan,nan,1.000000000000000000e+00,nan,nan,nan,nan,nan,nan,nan,nan,nan,1.000000000000000000e+00,1.000000000000000000e+00,nan,1.000000000000000000e+00,nan,1.000000000000000000e+00,nan,nan,nan,nan,nan,nan,nan,nan,nan,nan,nan,nan,nan,nan,nan,1.000000000000000000e+00,nan,nan,nan,nan,nan,nan,nan,nan,nan
nan,nan,nan,nan,nan,nan,nan,nan,1.000000000000000000e+00,nan,nan,nan,nan,nan,nan,nan,1.000000000000000000e+00,nan,nan,nan,nan,1.000000000000000000e+00,nan,nan,nan,nan,nan,nan,nan,1.000000000000000000e+00,nan,nan,nan,nan,nan,nan,nan,1.000000000000000000e+00,nan,nan,nan,nan,1.000000000000000000e+00,nan,1.000000000000000000e+00,1.000000000000000000e+00,nan,nan,1.000000000000000000e+00,nan,nan,nan,nan,1.000000000000000000e+00,nan,nan,nan,nan,nan,1.000000000000000000e+00,1.000000000000000000e+00,1.000000000000000000e+00,1.000000000000000000e+00,1.000000000000000000e+00,nan,1.000000000000000000e+00,nan,nan,nan,nan,nan,nan,nan,1.000000000000000000e+00,nan,nan,nan,1.000000000000000000e+00,nan,nan,nan,1.000000000000000000e+00,nan,nan,nan,nan,nan,nan,nan,nan,nan
nan,nan,nan,nan,nan,nan,nan,nan,1.000000000000000000e+00,1.000000000000000000e+00,nan,nan,nan,nan,nan,nan,1.000000000000000000e+00,nan,nan,nan,nan,1.000000000000000000e+00,nan,nan,nan,nan,nan,nan,nan,1.000000000000000000e+00,nan,nan,nan,nan,nan,nan,nan,1.000000000000000000e+00,nan,nan,nan,nan,1.000000000000000000e+00,nan,1.000000000000000000e+00,nan,nan,nan,1.000000000000000000e+00,nan,1.000000000000000000e+00,nan,nan,nan,nan,nan,nan,nan,nan,nan,1.000000000000000000e+00,1.000000000000000000e+00,1.000000000000000000e+00,1.000000000000000000e+00,nan,1.000000000000000000e+00,nan,nan,nan,nan,nan,nan,nan,1.000000000000000000e+00,nan,nan,nan,nan,nan,nan,nan,1.000000000000000000e+00,nan,nan,nan,nan,nan,nan,nan,nan,nan
nan,nan,nan,nan,nan,nan,nan,1.000000000000000000e+00,1.000000000000000000e+00,1.000000000000000000e+00,1.000000000000000000e+00,nan,nan,nan,nan,nan,1.000000000000000000e+00,nan,nan,nan,nan,1.000000000000000000e+00,nan,nan,nan,nan,nan,nan,nan,1.000000000000000000e+00,nan,nan,nan,nan,nan,nan,nan,1.000000000000000000e+00,nan,1.000000000000000000e+00,nan,nan,1.000000000000000000e+00,nan,1.000000000000000000e+00,1.000000000000000000e+00,nan,1.000000000000000000e+00,1.000000000000000000e+00,nan,1.000000000000000000e+00,nan,nan,1.000000000000000000e+00,nan,nan,nan,nan,nan,1.000000000000000000e+00,1.000000000000000000e+00,1.000000000000000000e+00,1.000000000000000000e+00,1.000000000000000000e+00,nan,1.000000000000000000e+00,nan,nan,nan,nan,nan,nan,nan,1.000000000000000000e+00,nan,nan,nan,nan,nan,nan,nan,1.000000000000000000e+00,nan,nan,nan,nan,nan,nan,nan,nan,nan
nan,nan,nan,nan,nan,nan,nan,1.000000000000000000e+00,1.000000000000000000e+00,1.000000000000000000e+00,1.000000000000000000e+00,nan,nan,nan,nan,1.000000000000000000e+00,nan,nan,nan,nan,nan,1.000000000000000000e+00,nan,nan,nan,nan,nan,nan,nan,nan,nan,nan,nan,nan,nan,nan,nan,nan,nan,nan,nan,nan,1.000000000000000000e+00,nan,nan,nan,nan,nan,1.000000000000000000e+00,nan,1.000000000000000000e+00,nan,nan,nan,nan,nan,nan,nan,nan,nan,nan,nan,nan,nan,nan,nan,nan,nan,nan,nan,nan,nan,nan,nan,nan,nan,nan,nan,nan,nan,nan,1.000000000000000000e+00,nan,nan,nan,nan,nan,nan,nan,nan,nan
nan,nan,nan,nan,nan,nan,nan,nan,1.000000000000000000e+00,1.000000000000000000e+00,nan,nan,nan,nan,nan,nan,nan,nan,nan,nan,nan,nan,nan,nan,nan,nan,nan,nan,nan,1.000000000000000000e+00,nan,nan,nan,nan,nan,nan,nan,1.000000000000000000e+00,nan,nan,nan,nan,1.000000000000000000e+00,nan,1.000000000000000000e+00,nan,nan,nan,nan,nan,nan,nan,nan,1.000000000000000000e+00,nan,nan,nan,nan,nan,nan,nan,1.000000000000000000e+00,1.000000000000000000e+00,nan,nan,nan,nan,nan,nan,nan,nan,nan,nan,nan,nan,nan,nan,nan,nan,nan,nan,nan,nan,nan,nan,nan,nan,nan,nan,nan,nan
nan,nan,nan,nan,nan,nan,nan,nan,nan,nan,nan,nan,nan,nan,nan,1.000000000000000000e+00,nan,nan,nan,nan,nan,1.000000000000000000e+00,nan,nan,nan,nan,nan,nan,nan,1.000000000000000000e+00,nan,nan,nan,nan,nan,nan,nan,1.000000000000000000e+00,nan,nan,nan,nan,1.000000000000000000e+00,nan,1.000000000000000000e+00,1.000000000000000000e+00,nan,nan,nan,nan,nan,nan,nan,1.000000000000000000e+00,nan,nan,nan,nan,nan,1.000000000000000000e+00,1.000000000000000000e+00,1.000000000000000000e+00,1.000000000000000000e+00,nan,nan,1.000000000000000000e+00,nan,nan,nan,nan,nan,nan,nan,1.000000000000000000e+00,nan,nan,nan,nan,nan,nan,nan,nan,nan,nan,nan,nan,nan,nan,nan,nan,nan
nan,nan,nan,nan,nan,nan,nan,3.659574468085106336e+00,4.487804878048780921e+00,3.588235294117647189e+00,4.194444444444444642e+00,nan,nan,nan,nan,nan,nan,nan,nan,nan,nan,nan,nan,nan,nan,nan,nan,nan,nan,3.268292682926829062e+00,nan,nan,nan,nan,nan,nan,nan,3.738095238095238138e+00,nan,nan,nan,nan,3.297297297297297369e+00,nan,3.585365853658536661e+00,3.243243243243243423e+00,nan,nan,4.585365853658536217e+00,nan,3.688888888888889106e+00,nan,nan,3.736842105263157965e+00,nan,nan,nan,nan,nan,3.102040816326530503e+00,2.882352941176470562e+00,3.735849056603773644e+00,3.850000000000000089e+00,4.657142857142857473e+00,nan,3.500000000000000000e+00,nan,nan,nan,nan,nan,nan,nan,nan,nan,nan,nan,3.250000000000000000e+00,nan,nan,nan,4.083333333333333037e+00,nan,nan,nan,nan,nan,nan,nan,nan,nan
nan,nan,nan,nan,nan,nan,nan,1.000000000000000000e+00,1.000000000000000000e+00,1.000000000000000000e+00,1.000000000000000000e+00,nan,nan,nan,nan,1.000000000000000000e+00,nan,nan,nan,nan,nan,nan,nan,nan,nan,nan,nan,nan,nan,1.000000000000000000e+00,nan,nan,nan,nan,nan,nan,nan,1.000000000000000000e+00,nan,1.000000000000000000e+00,nan,nan,1.000000000000000000e+00,nan,1.000000000000000000e+00,nan,nan,1.000000000000000000e+00,1.000000000000000000e+00,nan,1.000000000000000000e+00,nan,nan,nan,nan,nan,nan,nan,nan,nan,nan,1.000000000000000000e+00,nan,1.000000000000000000e+00,nan,1.000000000000000000e+00,nan,nan,nan,nan,nan,nan,nan,1.000000000000000000e+00,nan,nan,nan,1.000000000000000000e+00,nan,nan,nan,1.000000000000000000e+00,nan,nan,nan,nan,nan,nan,nan,nan,nan
nan,nan,nan,nan,nan,nan,nan,1.000000000000000000e+00,nan,nan,1.000000000000000000e+00,nan,nan,nan,nan,nan,nan,nan,nan,nan,nan,nan,nan,nan,nan,nan,nan,nan,nan,1.000000000000000000e+00,nan,nan,nan,nan,nan,nan,nan,1.000000000000000000e+00,nan,1.000000000000000000e+00,nan,nan,1.000000000000000000e+00,nan,1.000000000000000000e+00,nan,nan,1.000000000000000000e+00,1.000000000000000000e+00,nan,1.000000000000000000e+00,nan,nan,1.000000000000000000e+00,nan,nan,nan,nan,nan,1.000000000000000000e+00,1.000000000000000000e+00,nan,nan,1.000000000000000000e+00,nan,1.000000000000000000e+00,nan,nan,nan,nan,nan,nan,nan,1.000000000000000000e+00,nan,nan,nan,nan,nan,nan,nan,1.000000000000000000e+00,nan,nan,nan,nan,nan,nan,nan,nan,nan
nan,nan,nan,nan,nan,nan,nan,nan,1.000000000000000000e+00,1.000000000000000000e+00,nan,nan,nan,nan,nan,1.000000000000000000e+00,nan,nan,nan,nan,nan,nan,nan,nan,nan,nan,nan,nan,nan,1.000000000000000000e+00,nan,nan,nan,nan,nan,nan,nan,1.000000000000000000e+00,nan,nan,nan,nan,1.000000000000000000e+00,nan,1.000000000000000000e+00,nan,nan,nan,1.000000000000000000e+00,nan,1.000000000000000000e+00,nan,nan,nan,nan,nan,nan,nan,nan,nan,1.000000000000000000e+00,1.000000000000000000e+00,nan,1.000000000000000000e+00,nan,1.000000000000000000e+00,nan,nan,nan,nan,nan,nan,nan,1.000000000000000000e+00,nan,nan,nan,nan,nan,nan,nan,1.000000000000000000e+00,nan,nan,nan,nan,nan,nan,nan,nan,nan
nan,nan,nan,nan,nan,nan,nan,nan,4.222222222222222321e+00,nan,nan,nan,nan,nan,nan,3.214285714285714413e+00,nan,nan,nan,nan,nan,nan,nan,nan,nan,nan,nan,nan,nan,3.750000000000000000e+00,nan,nan,nan,nan,nan,nan,nan,2.846153846153846256e+00,nan,3.080000000000000071e+00,nan,nan,3.173913043478260754e+00,nan,3.423076923076922906e+00,2.777777777777777679e+00,nan,3.527777777777777679e+00,3.166666666666666519e+00,nan,nan,nan,nan,3.714285714285714413e+00,nan,nan,nan,nan,nan,3.956521739130434590e+00,3.479999999999999982e+00,3.740740740740740922e+00,3.323529411764706065e+00,3.370370370370370239e+00,nan,3.774193548387096975e+00,nan,nan,nan,nan,nan,nan,nan,3.647058823529411686e+00,nan,nan,nan,nan,nan,nan,nan,3.642857142857142794e+00,nan,nan,nan,nan,nan,nan,nan,nan,nan
nan,nan,nan,nan,nan,nan,nan,nan,nan,nan,nan,nan,nan,nan,nan,nan,nan,nan,nan,nan,nan,nan,nan,nan,nan,nan,nan,nan,nan,1.000000000000000000e+00,nan,nan,nan,nan,nan,nan,nan,1.000000000000000000e+00,nan,1.000000000000000000e+00,nan,nan,1.000000000000000000e+00,nan,1.000000000000000000e+00,1.000000000000000000e+00,nan,1.000000000000000000e+00,1.000000000000000000e+00,nan,nan,nan,nan,1.000000000000000000e+00,nan,nan,nan,nan,nan,1.000000000000000000e+00,1.000000000000000000e+00,1.000000000000000000e+00,1.000000000000000000e+00,1.000000000000000000e+00,nan,nan,nan,nan,nan,nan,nan,nan,nan,1.000000000000000000e+00,nan,nan,nan,1.000000000000000000e+00,nan,nan,nan,1.000000000000000000e+00,nan,nan,nan,nan,nan,nan,nan,nan,nan
nan,nan,nan,nan,nan,nan,nan,nan,nan,1.000000000000000000e+00,1.000000000000000000e+00,nan,nan,nan,nan,nan,nan,nan,nan,nan,nan,1.000000000000000000e+00,nan,nan,nan,nan,nan,nan,nan,1.000000000000000000e+00,nan,nan,nan,nan,nan,nan,nan,1.000000000000000000e+00,nan,nan,nan,nan,1.000000000000000000e+00,nan,1.000000000000000000e+00,nan,nan,1.000000000000000000e+00,1.000000000000000000e+00,nan,1.000000000000000000e+00,nan,nan,nan,nan,nan,nan,nan,nan,1.000000000000000000e+00,1.000000000000000000e+00,1.000000000000000000e+00,nan,1.000000000000000000e+00,nan,1.000000000000000000e+00,nan,nan,nan,nan,nan,nan,nan,1.000000000000000000e+00,nan,nan,nan,1.000000000000000000e+00,nan,nan,nan,1.000000000000000000e+00,nan,nan,nan,nan,nan,nan,nan,nan,nan
nan,nan,nan,nan,nan,nan,nan,1.000000000000000000e+00,1.000000000000000000e+00,nan,nan,nan,nan,nan,nan,1.000000000000000000e+00,nan,nan,nan,nan,nan,nan,nan,nan,nan,nan,nan,nan,nan,1.000000000000000000e+00,nan,nan,nan,nan,nan,nan,nan,1.000000000000000000e+00,nan,nan,nan,nan,1.000000000000000000e+00,nan,1.000000000000000000e+00,1.000000000000000000e+00,nan,nan,nan,nan,nan,nan,nan,1.000000000000000000e+00,nan,nan,nan,nan,nan,1.000000000000000000e+00,1.000000000000000000e+00,1.000000000000000000e+00,1.000000000000000000e+00,1.000000000000000000e+00,nan,1.000000000000000000e+00,nan,nan,nan,nan,nan,nan,nan,1.000000000000000000e+00,nan,nan,nan,1.000000000000000000e+00,nan,nan,nan,1.000000000000000000e+00,nan,nan,nan,nan,nan,nan,nan,nan,nan
nan,nan,nan,nan,nan,nan,nan,nan,4.304347826086956097e+00,3.779661016949152685e+00,3.679245283018867774e+00,nan,nan,nan,nan,nan,nan,nan,nan,nan,nan,nan,nan,nan,nan,nan,nan,nan,nan,3.298507462686567138e+00,nan,nan,nan,nan,nan,nan,nan,3.346666666666666679e+00,nan,nan,nan,nan,3.741935483870967527e+00,nan,3.799999999999999822e+00,nan,nan,nan,nan,nan,2.833333333333333481e+00,nan,nan,nan,nan,nan,nan,nan,nan,nan,3.746478873239436513e+00,3.358208955223880743e+00,nan,3.855263157894736725e+00,nan,3.737704918032787038e+00,nan,nan,nan,nan,nan,nan,nan,3.312500000000000000e+00,nan,nan,nan,nan,nan,nan,nan,nan,nan,nan,nan,nan,nan,nan,nan,nan,nan
nan,nan,nan,nan,nan,nan,nan,1.000000000000000000e+00,1.000000000000000000e+00,1.000000000000000000e+00,1.000000000000000000e+00,nan,nan,nan,nan,nan,nan,nan,nan,nan,nan,nan,nan,nan,nan,nan,nan,nan,nan,1.000000000000000000e+00,nan,nan,nan,nan,nan,nan,nan,1.000000000000000000e+00,nan,1.000000000000000000e+00,nan,nan,1.000000000000000000e+00,nan,1.000000000000000000e+00,nan,nan,nan,1.000000000000000000e+00,nan,1.000000000000000000e+00,nan,nan,nan,nan,nan,nan,nan,nan,nan,1.000000000000000000e+00,1.000000000000000000e+00,1.000000000000000000e+00,1.000000000000000000e+00,nan,1.000000000000000000e+00,nan,nan,nan,nan,nan,nan,nan,1.000000000000000000e+00,nan,nan,nan,1.000000000000000000e+00,nan,nan,nan,1.000000000000000000e+00,nan,nan,nan,nan,nan,nan,nan,nan,nan
nan,nan,nan,nan,nan,nan,nan,nan,1.000000000000000000e+00,1.000000000000000000e+00,nan,nan,nan,nan,nan,1.000000000000000000e+00,nan,nan,nan,nan,nan,1.000000000000000000e+00,nan,nan,nan,nan,nan,nan,nan,1.000000000000000000e+00,nan,nan,nan,nan,nan,nan,nan,1.000000000000000000e+00,nan,nan,nan,nan,1.000000000000000000e+00,nan,1.000000000000000000e+00,nan,nan,nan,nan,nan,1.000000000000000000e+00,nan,nan,1.000000000000000000e+00,nan,nan,nan,nan,nan,1.000000000000000000e+00,1.000000000000000000e+00,1.000000000000000000e+00,1.000000000000000000e+00,1.000000000000000000e+00,nan,1.000000000000000000e+00,nan,nan,nan,nan,nan,nan,nan,1.000000000000000000e+00,nan,nan,nan,nan,nan,nan,nan,1.000000000000000000e+00,nan,nan,nan,nan,nan,nan,nan,nan,nan
nan,nan,nan,nan,nan,nan,nan,nan,1.000000000000000000e+00,nan,nan,nan,nan,nan,nan,nan,nan,nan,nan,nan,nan,1.000000000000000000e+00,nan,nan,nan,nan,nan,nan,nan,1.000000000000000000e+00,nan,nan,nan,nan,nan,nan,nan,1.000000000000000000e+00,nan,nan,nan,nan,1.000000000000000000e+00,nan,1.000000000000000000e+00,nan,nan,nan,nan,nan,1.000000000000000000e+00,nan,nan,1.000000000000000000e+00,nan,nan,nan,nan,nan,nan,nan,1.000000000000000000e+00,1.000000000000000000e+00,nan,nan,1.000000000000000000e+00,nan,nan,nan,nan,nan,nan,nan,nan,nan,nan,nan,nan,nan,nan,nan,1.000000000000000000e+00,nan,nan,nan,nan,nan,nan,nan,nan,nan
nan,nan,nan,nan,nan,nan,nan,nan,1.000000000000000000e+00,1.000000000000000000e+00,nan,nan,nan,nan,nan,nan,nan,nan,nan,nan,nan,nan,nan,nan,nan,nan,nan,nan,nan,1.000000000000000000e+00,nan,nan,nan,nan,nan,nan,nan,1.000000000000000000e+00,nan,nan,nan,nan,1.000000000000000000e+00,nan,1.000000000000000000e+00,nan,nan,nan,1.000000000000000000e+00,nan,1.000000000000000000e+00,nan,nan,nan,nan,nan,nan,nan,nan,nan,1.000000000000000000e+00,1.000000000000000000e+00,nan,1.000000000000000000e+00,nan,1.000000000000000000e+00,nan,nan,nan,nan,nan,nan,nan,nan,nan,nan,nan,nan,nan,nan,nan,1.000000000000000000e+00,nan,nan,nan,nan,nan,nan,nan,nan,nan
nan,nan,nan,nan,nan,nan,nan,nan,1.000000000000000000e+00,1.000000000000000000e+00,1.000000000000000000e+00,nan,nan,nan,nan,nan,nan,nan,nan,nan,nan,1.000000000000000000e+00,nan,nan,nan,nan,nan,nan,nan,1.000000000000000000e+00,nan,nan,nan,nan,nan,nan,nan,1.000000000000000000e+00,nan,1.000000000000000000e+00,nan,nan,1.000000000000000000e+00,nan,1.000000000000000000e+00,nan,nan,nan,1.000000000000000000e+00,nan,1.000000000000000000e+00,nan,nan,1.000000000000000000e+00,nan,nan,nan,nan,nan,1.000000000000000000e+00,1.000000000000000000e+00,1.000000000000000000e+00,1.000000000000000000e+00,1.000000000000000000e+00,nan,1.000000000000000000e+00,nan,nan,nan,nan,nan,nan,nan,nan,nan,nan,nan,nan,nan,nan,nan,1.000000000000000000e+00,nan,nan,nan,nan,nan,nan,nan,nan,nan
nan,nan,nan,nan,nan,nan,nan,nan,nan,nan,nan,nan,nan,nan,nan,nan,nan,nan,nan,nan,nan,nan,nan,nan,nan,nan,nan,nan,nan,1.000000000000000000e+00,nan,nan,nan,nan,nan,nan,nan,1.000000000000000000e+00,nan,nan,nan,nan,nan,nan,1.000000000000000000e+00,1.000000000000000000e+00,nan,1.000000000000000000e+00,1.000000000000000000e+00,nan,nan,nan,nan,1.000000000000000000e+00,nan,nan,nan,nan,nan,1.000000000000000000e+00,nan,1.000000000000000000e+00,1.000000000000000000e+00,nan,nan,nan,nan,nan,nan,nan,nan,nan,nan,nan,nan,nan,nan,nan,nan,nan,nan,nan,nan,nan,nan,nan,nan,nan,nan,nan,nan
nan,nan,nan,nan,nan,nan,nan,1.000000000000000000e+00,1.000000000000000000e+00,nan,1.000000000000000000e+00,nan,nan,nan,nan,1.000000000000000000e+00,nan,nan,nan,nan,nan,nan,nan,nan,nan,nan,nan,nan,nan,1.000000000000000000e+00,nan,nan,nan,nan,nan,nan,nan,nan,nan,nan,nan,nan,nan,nan,nan,nan,nan,nan,nan,nan,1.000000000000000000e+00,nan,nan,nan,nan,nan,nan,nan,nan,nan,nan,1.000000000000000000e+00,nan,nan,nan,nan,nan,nan,nan,nan,nan,nan,nan,nan,nan,nan,nan,nan,nan,nan,nan,1.000000000000000000e+00,nan,nan,nan,nan,nan,nan,nan,nan,nan
nan,nan,nan,nan,nan,nan,nan,nan,1.000000000000000000e+00,1.000000000000000000e+00,nan,nan,nan,nan,nan,nan,nan,nan,nan,nan,nan,nan,nan,nan,nan,nan,nan,nan,nan,1.000000000000000000e+00,nan,nan,nan,nan,nan,nan,nan,nan,nan,nan,nan,nan,nan,nan,nan,nan,nan,nan,1.000000000000000000e+00,nan,1.000000000000000000e+00,nan,nan,nan,nan,nan,nan,nan,nan,nan,nan,1.000000000000000000e+00,nan,nan,nan,1.000000000000000000e+00,nan,nan,nan,nan,nan,nan,nan,nan,nan,nan,nan,nan,nan,nan,nan,1.000000000000000000e+00,nan,nan,nan,nan,nan,nan,nan,nan,nan
nan,nan,nan,nan,nan,nan,nan,nan,1.000000000000000000e+00,nan,nan,nan,nan,nan,nan,nan,nan,nan,nan,nan,nan,1.000000000000000000e+00,nan,nan,nan,nan,nan,nan,nan,1.000000000000000000e+00,nan,nan,nan,nan,nan,nan,nan,nan,nan,nan,nan,nan,nan,nan,nan,nan,nan,nan,nan,nan,1.000000000000000000e+00,nan,nan,1.000000000000000000e+00,nan,nan,nan,nan,nan,nan,nan,nan,nan,nan,nan,1.000000000000000000e+00,nan,nan,nan,nan,nan,nan,nan,nan,nan,nan,nan,nan,nan,nan,nan,nan,nan,nan,nan,nan,nan,nan,nan,nan,nan
