nan,2.208395802098950700e+00,2.110154905335628328e+00,2.083333333333333481e+00,1.981481481481481399e+00,2.193798449612403001e+00,2.050505050505050608e+00,2.083333333333333481e+00,2.083333333333333481e+00,2.083333333333333481e+00,2.083333333333333481e+00,2.158286778398510464e+00,2.171052631578947345e+00,2.141304347826086918e+00,2.283898305084745672e+00,2.083333333333333481e+00,2.083333333333333481e+00,2.130985915492957794e+00,2.035282258064516014e+00,2.166112956810631207e+00,2.056818181818181657e+00,2.083333333333333481e+00,2.153061224489795755e+00,2.149694501018330151e+00,2.055359246171966969e+00,2.148617511520737544e+00,2.093009118541033331e+00,nan,2.051166965888689298e+00,2.083333333333333481e+00,nan,nan,nan,2.066856330014224863e+00,2.083333333333333481e+00,2.053229665071770516e+00,2.105607476635514175e+00,2.083333333333333481e+00,2.082822085889570740e+00,2.083333333333333481e+00,nan,nan,2.083333333333333481e+00,nan,nan,2.040723981900452344e+00,nan,nan,2.083333333333333481e+00,nan,2.083333333333333481e+00,nan,nan,nan,nan,nan,nan,nan,nan,nan,2.083333333333333481e+00,2.083333333333333481e+00,nan,2.083333333333333481e+00,nan,nan,nan,nan,nan,nan,nan,nan,nan,nan,nan,nan,nan,nan,nan,nan,nan,2.083333333333333481e+00,nan,nan,nan,nan,nan,nan,nan,nan,nan
1.209003215434083511e+00,nan,nan,1.126409957215091406e+00,nan,nan,nan,1.541666666666666741e+00,nan,nan,nan,nan,nan,nan,nan,1.541666666666666741e+00,1.541666666666666741e+00,nan,nan,nan,nan,1.541666666666666741e+00,nan,nan,nan,nan,nan,nan,nan,1.541666666666666741e+00,nan,nan,nan,nan,1.273569023569023573e+00,nan,nan,1.541666666666666741e+00,nan,nan,nan,nan,1.541666666666666741e+00,nan,1.541666666666666741e+00,nan,nan,nan,1.541666666666666741e+00,nan,nan,nan,nan,nan,nan,nan,nan,nan,nan,nan,nan,1.541666666666666741e+00,nan,1.541666666666666741e+00,nan,nan,nan,nan,nan,nan,nan,nan,nan,nan,nan,nan,nan,nan,nan,nan,nan,nan,nan,nan,nan,nan,nan,nan,nan,nan,nan
1.204453441295546545e+00,nan,nan,1.150223103619236520e+00,nan,nan,nan,1.387964148527528918e+00,nan,nan,1.535335689045936425e+00,nan,nan,nan,nan,1.535335689045936425e+00,1.535335689045936425e+00,nan,nan,nan,nan,1.535335689045936425e+00,nan,nan,nan,nan,nan,nan,nan,1.535335689045936425e+00,nan,nan,nan,nan,1.252710592160133363e+00,nan,nan,1.535335689045936425e+00,nan,1.535335689045936425e+00,nan,nan,nan,nan,nan,nan,nan,nan,1.535335689045936425e+00,nan,nan,nan,nan,nan,nan,nan,nan,nan,nan,nan,nan,nan,nan,nan,nan,nan,nan,nan,nan,nan,nan,nan,nan,nan,nan,nan,nan,nan,nan,nan,nan,nan,nan,nan,nan,nan,nan,nan,nan,nan,nan
2.033755274261603407e+00,2.126305792972459585e+00,2.087700534759358462e+00,nan,2.096577017114914288e+00,2.127682993946065082e+00,2.118343195266272350e+00,2.111888111888112096e+00,2.111888111888112096e+00,2.111888111888112096e+00,2.111888111888112096e+00,2.112810707456978854e+00,2.106630211893369964e+00,2.128928283642224084e+00,2.109014675052411025e+00,2.111888111888112096e+00,2.111888111888112096e+00,2.118408880666049932e+00,2.131532589547856738e+00,2.080919080919080955e+00,2.090709583028529828e+00,2.111888111888112096e+00,2.117044623262618774e+00,2.122100122100122110e+00,2.118644067796610297e+00,2.120300751879699241e+00,nan,2.062369192130598439e+00,nan,2.111888111888112096e+00,2.109972041006523913e+00,nan,nan,nan,2.111888111888112096e+00,nan,nan,2.111888111888112096e+00,nan,2.111888111888112096e+00,2.103758602435150671e+00,2.139396515087122808e+00,2.111888111888112096e+00,2.138124125058329383e+00,2.111888111888112096e+00,nan,nan,nan,2.111888111888112096e+00,nan,2.111888111888112096e+00,nan,nan,nan,nan,nan,nan,nan,nan,nan,nan,nan,nan,nan,nan,2.111888111888112096e+00,nan,nan,nan,nan,nan,nan,nan,nan,nan,nan,nan,nan,nan,nan,nan,nan,nan,nan,nan,nan,nan,nan,nan,nan,nan
1.216623036649214562e+00,nan,nan,1.172306090577823978e+00,nan,nan,nan,1.531300160513643593e+00,nan,1.531300160513643593e+00,nan,nan,nan,nan,nan,1.531300160513643593e+00,1.531300160513643593e+00,nan,nan,nan,nan,1.531300160513643593e+00,nan,nan,nan,nan,nan,nan,nan,1.531300160513643593e+00,nan,nan,nan,nan,1.317963496637848175e+00,nan,nan,1.531300160513643593e+00,nan,nan,nan,nan,nan,nan,nan,nan,nan,nan,nan,nan,nan,nan,nan,nan,nan,nan,nan,nan,nan,nan,nan,nan,nan,nan,nan,nan,nan,nan,nan,nan,nan,nan,nan,nan,nan,nan,nan,nan,nan,nan,nan,nan,nan,nan,nan,nan,nan,nan,nan,nan,nan
1.417601380500431496e+00,nan,nan,1.203961230509903002e+00,nan,nan,nan,1.745762711864406791e+00,1.745762711864406791e+00,1.314285714285714279e+00,1.745762711864406791e+00,nan,nan,nan,nan,1.745762711864406791e+00,1.745762711864406791e+00,nan,nan,nan,nan,1.745762711864406791e+00,nan,nan,nan,nan,nan,nan,nan,1.745762711864406791e+00,nan,nan,nan,nan,1.418323249783923989e+00,nan,nan,1.745762711864406791e+00,nan,1.745762711864406791e+00,nan,nan,1.745762711864406791e+00,nan,1.745762711864406791e+00,1.745762711864406791e+00,nan,1.745762711864406791e+00,1.745762711864406791e+00,nan,1.745762711864406791e+00,nan,nan,1.745762711864406791e+00,nan,nan,nan,nan,nan,1.745762711864406791e+00,1.745762711864406791e+00,1.745762711864406791e+00,1.745762711864406791e+00,1.745762711864406791e+00,nan,1.745762711864406791e+00,nan,nan,nan,nan,nan,nan,nan,1.745762711864406791e+00,nan,nan,nan,nan,nan,nan,nan,1.745762711864406791e+00,nan,nan,nan,nan,nan,nan,nan,nan,nan
1.382211538461538547e+00,nan,nan,1.125940594059405830e+00,nan,nan,nan,1.555944055944056048e+00,nan,nan,1.555944055944056048e+00,nan,nan,nan,nan,1.555944055944056048e+00,1.555944055944056048e+00,nan,nan,nan,nan,1.555944055944056048e+00,nan,nan,nan,nan,nan,nan,nan,1.555944055944056048e+00,nan,nan,nan,nan,1.303145853193517612e+00,nan,nan,1.555944055944056048e+00,nan,1.555944055944056048e+00,nan,nan,1.555944055944056048e+00,nan,nan,nan,nan,nan,1.555944055944056048e+00,nan,nan,nan,nan,nan,nan,nan,nan,nan,nan,nan,nan,nan,nan,nan,nan,nan,nan,nan,nan,nan,nan,nan,nan,nan,nan,nan,nan,nan,nan,nan,nan,1.555944055944056048e+00,nan,nan,nan,nan,nan,nan,nan,nan,nan
2.125000000000000000e+00,2.125000000000000000e+00,2.125000000000000000e+00,2.125000000000000000e+00,2.125000000000000000e+00,2.125000000000000000e+00,2.125000000000000000e+00,nan,2.125000000000000000e+00,2.125000000000000000e+00,2.125000000000000000e+00,2.125000000000000000e+00,2.125000000000000000e+00,2.125000000000000000e+00,2.125000000000000000e+00,2.125000000000000000e+00,2.125000000000000000e+00,2.125000000000000000e+00,2.125000000000000000e+00,2.125000000000000000e+00,2.125000000000000000e+00,2.125000000000000000e+00,2.125000000000000000e+00,2.125000000000000000e+00,2.125000000000000000e+00,2.125000000000000000e+00,nan,nan,2.041666666666666519e+00,2.125000000000000000e+00,2.035714285714285587e+00,nan,nan,2.040000000000000036e+00,2.125000000000000000e+00,2.024999999999999911e+00,2.029411764705882248e+00,2.125000000000000000e+00,2.071428571428571619e+00,2.125000000000000000e+00,2.022727272727272929e+00,2.029411764705882248e+00,2.125000000000000000e+00,2.020833333333333481e+00,nan,nan,2.015625000000000000e+00,nan,2.125000000000000000e+00,nan,2.125000000000000000e+00,nan,nan,nan,nan,2.012987012987013102e+00,nan,2.012500000000000178e+00,nan,2.125000000000000000e+00,2.125000000000000000e+00,2.125000000000000000e+00,nan,2.125000000000000000e+00,2.010869565217391131e+00,2.125000000000000000e+00,2.013157894736842035e+00,nan,nan,2.032258064516129004e+00,2.022727272727272929e+00,nan,nan,2.125000000000000000e+00,2.022727272727272929e+00,2.017857142857142794e+00,nan,nan,nan,nan,2.013157894736842035e+00,2.125000000000000000e+00,2.016129032258064502e+00,nan,nan,nan,nan,nan,2.004219409282700592e+00,nan,nan
1.800000000000000044e+00,nan,nan,1.800000000000000044e+00,nan,1.800000000000000044e+00,nan,1.800000000000000044e+00,nan,1.800000000000000044e+00,1.800000000000000044e+00,1.964285714285714191e+00,1.959999999999999964e+00,1.956521739130434812e+00,1.800000000000000044e+00,1.800000000000000044e+00,1.800000000000000044e+00,1.947368421052631637e+00,1.800000000000000044e+00,1.944444444444444420e+00,1.800000000000000044e+00,1.800000000000000044e+00,1.956521739130434812e+00,1.800000000000000044e+00,1.958333333333333259e+00,1.959999999999999964e+00,1.800000000000000044e+00,1.800000000000000044e+00,1.952380952380952328e+00,1.800000000000000044e+00,1.959999999999999964e+00,1.941176470588235281e+00,nan,1.800000000000000044e+00,1.800000000000000044e+00,nan,nan,1.800000000000000044e+00,nan,1.800000000000000044e+00,1.800000000000000044e+00,1.800000000000000044e+00,1.800000000000000044e+00,1.959999999999999964e+00,1.800000000000000044e+00,1.800000000000000044e+00,nan,nan,1.800000000000000044e+00,1.800000000000000044e+00,1.800000000000000044e+00,1.949999999999999956e+00,nan,nan,nan,1.800000000000000044e+00,1.958333333333333259e+00,1.965517241379310276e+00,nan,1.800000000000000044e+00,1.800000000000000044e+00,1.800000000000000044e+00,nan,1.800000000000000044e+00,1.800000000000000044e+00,1.800000000000000044e+00,1.954545454545454586e+00,1.800000000000000044e+00,1.952380952380952328e+00,1.800000000000000044e+00,1.928571428571428603e+00,1.800000000000000044e+00,nan,1.800000000000000044e+00,1.800000000000000044e+00,nan,1.947368421052631637e+00,1.800000000000000044e+00,nan,nan,1.954545454545454586e+00,1.800000000000000044e+00,1.800000000000000044e+00,1.800000000000000044e+00,1.800000000000000044e+00,1.941176470588235281e+00,1.800000000000000044e+00,nan,1.947368421052631637e+00,1.916666666666666741e+00,1.899999999999999911e+00
2.176470588235293935e+00,nan,nan,2.176470588235293935e+00,2.295774647887323994e+00,2.019736842105263275e+00,nan,2.176470588235293935e+00,2.176470588235293935e+00,nan,2.176470588235293935e+00,2.022727272727272929e+00,2.025641025641025550e+00,nan,2.033707865168539186e+00,2.176470588235293935e+00,2.176470588235293935e+00,nan,2.024793388429752206e+00,nan,2.020979020979020824e+00,2.176470588235293935e+00,nan,2.014925373134328179e+00,2.026785714285714413e+00,2.025641025641025550e+00,2.026548672566371501e+00,2.022900763358778775e+00,2.030927835051546282e+00,2.176470588235293935e+00,nan,1.962809917355371914e+00,nan,2.044117647058823373e+00,2.176470588235293935e+00,nan,nan,2.176470588235293935e+00,nan,2.176470588235293935e+00,nan,2.024793388429752206e+00,2.176470588235293935e+00,nan,2.176470588235293935e+00,2.176470588235293935e+00,nan,2.176470588235293935e+00,2.176470588235293935e+00,2.019108280254777288e+00,2.176470588235293935e+00,1.912408759124087698e+00,nan,nan,nan,2.019354838709677580e+00,nan,nan,2.020000000000000018e+00,2.176470588235293935e+00,2.176470588235293935e+00,2.176470588235293935e+00,nan,2.176470588235293935e+00,2.024590163934426368e+00,2.176470588235293935e+00,2.022058823529411686e+00,nan,1.919254658385093126e+00,2.027522935779816571e+00,2.042253521126760507e+00,1.948453608247422641e+00,nan,2.176470588235293935e+00,2.024000000000000021e+00,nan,2.023255813953488413e+00,nan,nan,1.908496732026143894e+00,nan,2.176470588235293935e+00,2.028037383177569986e+00,2.022058823529411686e+00,nan,1.927999999999999936e+00,2.020979020979020824e+00,nan,nan,2.046961325966850875e+00,nan
2.000000000000000000e+00,nan,2.000000000000000000e+00,2.000000000000000000e+00,nan,2.000000000000000000e+00,2.000000000000000000e+00,2.000000000000000000e+00,2.000000000000000000e+00,2.000000000000000000e+00,nan,2.000000000000000000e+00,2.000000000000000000e+00,2.000000000000000000e+00,2.000000000000000000e+00,2.000000000000000000e+00,2.000000000000000000e+00,2.000000000000000000e+00,2.000000000000000000e+00,2.000000000000000000e+00,2.000000000000000000e+00,2.000000000000000000e+00,2.000000000000000000e+00,2.000000000000000000e+00,2.000000000000000000e+00,2.000000000000000000e+00,2.000000000000000000e+00,2.000000000000000000e+00,2.000000000000000000e+00,2.000000000000000000e+00,2.000000000000000000e+00,2.000000000000000000e+00,2.000000000000000000e+00,2.000000000000000000e+00,2.000000000000000000e+00,2.000000000000000000e+00,2.000000000000000000e+00,2.000000000000000000e+00,nan,2.000000000000000000e+00,2.000000000000000000e+00,2.000000000000000000e+00,2.000000000000000000e+00,2.000000000000000000e+00,2.000000000000000000e+00,2.000000000000000000e+00,nan,2.000000000000000000e+00,2.000000000000000000e+00,2.000000000000000000e+00,2.000000000000000000e+00,2.000000000000000000e+00,nan,2.000000000000000000e+00,nan,2.000000000000000000e+00,nan,2.000000000000000000e+00,nan,2.000000000000000000e+00,2.000000000000000000e+00,2.000000000000000000e+00,nan,2.000000000000000000e+00,2.000000000000000000e+00,2.000000000000000000e+00,2.000000000000000000e+00,nan,nan,2.000000000000000000e+00,2.000000000000000000e+00,nan,nan,2.000000000000000000e+00,2.000000000000000000e+00,2.000000000000000000e+00,nan,2.000000000000000000e+00,nan,2.000000000000000000e+00,nan,2.000000000000000000e+00,2.000000000000000000e+00,nan,nan,nan,2.000000000000000000e+00,nan,2.000000000000000000e+00,nan,nan
1.241460541813898644e+00,nan,nan,1.139836289222373900e+00,nan,nan,nan,1.645669291338582640e+00,1.645669291338582640e+00,1.645669291338582640e+00,1.645669291338582640e+00,nan,nan,nan,nan,1.645669291338582640e+00,1.406342913776015946e+00,nan,nan,nan,nan,1.417090539165818841e+00,nan,nan,nan,nan,nan,nan,nan,1.645669291338582640e+00,nan,nan,nan,nan,1.241460541813898644e+00,nan,nan,1.645669291338582640e+00,nan,1.481220657276995256e+00,nan,nan,1.645669291338582640e+00,nan,1.645669291338582640e+00,1.495767835550181335e+00,nan,nan,1.645669291338582640e+00,nan,1.645669291338582640e+00,nan,nan,nan,nan,nan,nan,nan,nan,1.645669291338582640e+00,1.645669291338582640e+00,nan,1.645669291338582640e+00,1.645669291338582640e+00,nan,1.645669291338582640e+00,nan,nan,nan,nan,nan,nan,nan,nan,nan,nan,nan,nan,nan,nan,nan,1.645669291338582640e+00,nan,nan,nan,nan,nan,nan,nan,nan,nan
1.247153382451440029e+00,nan,nan,1.291930379746835333e+00,nan,nan,nan,1.439285714285714279e+00,1.628620102214650700e+00,1.242922975641869598e+00,1.628620102214650700e+00,nan,nan,nan,nan,1.628620102214650700e+00,1.569444444444444420e+00,nan,nan,nan,nan,1.628620102214650700e+00,nan,nan,nan,nan,nan,nan,nan,1.628620102214650700e+00,nan,nan,nan,nan,1.184131736526946144e+00,nan,nan,1.628620102214650700e+00,nan,1.628620102214650700e+00,nan,nan,nan,nan,1.628620102214650700e+00,nan,nan,nan,1.628620102214650700e+00,nan,1.628620102214650700e+00,nan,nan,nan,nan,nan,nan,nan,nan,1.532467532467532534e+00,1.568567026194144898e+00,nan,nan,nan,nan,1.628620102214650700e+00,nan,nan,nan,nan,nan,nan,nan,1.575663026521060939e+00,nan,nan,nan,nan,nan,nan,nan,1.628620102214650700e+00,nan,nan,nan,nan,nan,nan,nan,nan,nan
1.417312661498707937e+00,nan,nan,1.169464847848898259e+00,nan,nan,nan,1.535655058043117638e+00,1.535655058043117638e+00,nan,1.535655058043117638e+00,nan,nan,nan,nan,1.535655058043117638e+00,1.535655058043117638e+00,nan,nan,nan,nan,1.535655058043117638e+00,nan,nan,nan,nan,nan,nan,nan,1.535655058043117638e+00,nan,nan,nan,nan,1.272344013490725123e+00,nan,nan,1.535655058043117638e+00,nan,1.258814102564102644e+00,nan,nan,1.535655058043117638e+00,nan,1.535655058043117638e+00,nan,nan,nan,1.535655058043117638e+00,nan,1.535655058043117638e+00,nan,nan,nan,nan,nan,nan,nan,nan,nan,1.653893695920890083e+00,nan,nan,nan,nan,1.535655058043117638e+00,nan,nan,nan,nan,nan,nan,nan,nan,nan,nan,nan,nan,nan,nan,nan,1.535655058043117638e+00,nan,nan,nan,nan,nan,nan,nan,nan,nan
1.563528637261356158e+00,nan,nan,1.377425044091710848e+00,nan,nan,nan,2.068664169787765239e+00,2.068664169787765239e+00,2.068664169787765239e+00,2.068664169787765239e+00,nan,nan,nan,nan,2.068664169787765239e+00,2.068664169787765239e+00,nan,nan,nan,nan,2.068664169787765239e+00,nan,nan,nan,nan,nan,nan,nan,2.068664169787765239e+00,nan,nan,nan,nan,1.705688375927452594e+00,nan,nan,2.068664169787765239e+00,nan,2.068664169787765239e+00,nan,nan,2.068664169787765239e+00,nan,2.068664169787765239e+00,2.010625737898465104e+00,nan,1.533998752339363669e+00,1.577208361429534689e+00,nan,2.068664169787765239e+00,nan,nan,nan,nan,nan,nan,nan,nan,2.068664169787765239e+00,2.068664169787765239e+00,nan,nan,2.068664169787765239e+00,nan,nan,nan,nan,nan,nan,nan,nan,nan,2.001169590643274709e+00,nan,nan,nan,1.153630305156085667e+00,nan,nan,nan,2.068664169787765239e+00,nan,nan,nan,nan,nan,nan,nan,nan,nan
2.500000000000000000e+00,2.500000000000000000e+00,2.500000000000000000e+00,2.500000000000000000e+00,2.500000000000000000e+00,2.500000000000000000e+00,2.500000000000000000e+00,2.500000000000000000e+00,2.500000000000000000e+00,2.500000000000000000e+00,2.500000000000000000e+00,2.500000000000000000e+00,2.500000000000000000e+00,2.500000000000000000e+00,2.500000000000000000e+00,nan,2.500000000000000000e+00,2.500000000000000000e+00,2.500000000000000000e+00,1.352941176470588314e+00,2.500000000000000000e+00,2.500000000000000000e+00,2.500000000000000000e+00,2.500000000000000000e+00,2.500000000000000000e+00,2.500000000000000000e+00,2.500000000000000000e+00,2.086956521739130377e+00,nan,2.500000000000000000e+00,1.590909090909090828e+00,nan,nan,2.500000000000000000e+00,2.500000000000000000e+00,2.500000000000000000e+00,2.500000000000000000e+00,2.500000000000000000e+00,nan,2.500000000000000000e+00,nan,2.500000000000000000e+00,2.500000000000000000e+00,2.083333333333333481e+00,2.500000000000000000e+00,2.500000000000000000e+00,2.500000000000000000e+00,nan,2.500000000000000000e+00,2.500000000000000000e+00,2.500000000000000000e+00,nan,1.461538461538461453e+00,2.500000000000000000e+00,nan,2.500000000000000000e+00,2.500000000000000000e+00,2.500000000000000000e+00,nan,2.500000000000000000e+00,nan,2.500000000000000000e+00,2.500000000000000000e+00,2.500000000000000000e+00,nan,nan,2.095238095238095344e+00,nan,nan,nan,2.500000000000000000e+00,nan,2.117647058823529438e+00,nan,2.500000000000000000e+00,nan,2.111111111111111160e+00,2.500000000000000000e+00,nan,nan,2.500000000000000000e+00,nan,nan,2.095238095238095344e+00,nan,nan,nan,nan,2.181818181818181657e+00,nan,nan
2.600000000000000089e+00,2.260869565217391131e+00,1.761904761904761862e+00,2.600000000000000089e+00,1.918918918918918859e+00,2.600000000000000089e+00,2.600000000000000089e+00,2.600000000000000089e+00,2.600000000000000089e+00,2.600000000000000089e+00,2.600000000000000089e+00,2.600000000000000089e+00,2.600000000000000089e+00,2.600000000000000089e+00,2.600000000000000089e+00,2.600000000000000089e+00,nan,1.666666666666666741e+00,2.600000000000000089e+00,2.260869565217391131e+00,2.600000000000000089e+00,2.600000000000000089e+00,1.571428571428571397e+00,2.600000000000000089e+00,2.600000000000000089e+00,1.533333333333333437e+00,2.600000000000000089e+00,2.600000000000000089e+00,2.230769230769230838e+00,2.600000000000000089e+00,2.600000000000000089e+00,nan,nan,nan,2.600000000000000089e+00,nan,nan,nan,nan,2.600000000000000089e+00,1.739130434782608647e+00,2.935483870967741993e+00,2.600000000000000089e+00,2.919999999999999929e+00,2.600000000000000089e+00,2.600000000000000089e+00,2.894736842105263275e+00,2.600000000000000089e+00,2.600000000000000089e+00,2.919999999999999929e+00,2.600000000000000089e+00,2.240000000000000213e+00,2.535714285714285587e+00,2.600000000000000089e+00,2.894736842105263275e+00,2.181818181818181657e+00,2.916666666666666519e+00,2.600000000000000089e+00,2.916666666666666519e+00,2.600000000000000089e+00,2.600000000000000089e+00,2.600000000000000089e+00,2.600000000000000089e+00,2.600000000000000089e+00,2.923076923076922906e+00,2.600000000000000089e+00,2.909090909090909172e+00,2.913043478260869623e+00,2.107042253521126618e+00,2.928571428571428381e+00,nan,nan,nan,nan,nan,nan,nan,nan,nan,nan,nan,nan,nan,nan,nan,nan,nan,nan,nan,nan,nan
1.110955547777388919e+00,nan,nan,1.237809452363090701e+00,nan,nan,nan,1.569120287253141788e+00,1.569120287253141788e+00,nan,1.569120287253141788e+00,nan,nan,nan,nan,1.569120287253141788e+00,1.569120287253141788e+00,nan,nan,nan,nan,1.569120287253141788e+00,nan,nan,nan,nan,nan,nan,nan,1.569120287253141788e+00,nan,nan,nan,nan,1.436639118457300190e+00,nan,nan,1.569120287253141788e+00,nan,1.569120287253141788e+00,nan,nan,nan,nan,1.569120287253141788e+00,nan,nan,nan,nan,nan,nan,nan,nan,nan,nan,nan,nan,nan,nan,nan,nan,1.569120287253141788e+00,nan,1.569120287253141788e+00,nan,nan,nan,nan,nan,nan,nan,nan,nan,nan,nan,nan,nan,nan,nan,nan,nan,nan,nan,nan,nan,nan,nan,nan,nan,nan,nan
1.274772036474164150e+00,nan,nan,1.137595129375951197e+00,nan,nan,nan,1.700775193798449658e+00,1.700775193798449658e+00,1.412408759124087698e+00,1.700775193798449658e+00,nan,nan,nan,nan,1.700775193798449658e+00,1.700775193798449658e+00,nan,nan,nan,nan,1.700775193798449658e+00,nan,nan,nan,nan,nan,nan,nan,1.700775193798449658e+00,nan,nan,nan,nan,1.387650085763293406e+00,nan,nan,1.700775193798449658e+00,nan,1.700775193798449658e+00,nan,nan,1.700775193798449658e+00,nan,1.700775193798449658e+00,1.420074349442379091e+00,nan,1.326118326118326030e+00,1.700775193798449658e+00,nan,1.700775193798449658e+00,nan,nan,1.700775193798449658e+00,nan,nan,nan,nan,nan,1.700775193798449658e+00,1.700775193798449658e+00,1.700775193798449658e+00,1.562189054726368154e+00,1.528654970760233933e+00,nan,1.700775193798449658e+00,nan,nan,nan,nan,nan,nan,nan,nan,nan,nan,nan,nan,nan,nan,nan,1.700775193798449658e+00,nan,nan,nan,nan,nan,nan,nan,nan,nan
1.162566844919786124e+00,nan,nan,1.215806909607193509e+00,nan,nan,nan,1.353077816492450625e+00,1.531468531468531458e+00,nan,1.531468531468531458e+00,nan,nan,nan,nan,1.531468531468531458e+00,1.865718799368088376e+00,nan,nan,nan,nan,1.855784469096672051e+00,nan,nan,nan,nan,nan,nan,nan,1.531468531468531458e+00,nan,nan,nan,nan,1.273004265691651371e+00,nan,nan,nan,nan,nan,nan,nan,1.928792569659442790e+00,nan,1.928792569659442790e+00,nan,nan,nan,nan,nan,nan,nan,nan,nan,nan,nan,nan,nan,nan,nan,nan,nan,nan,nan,nan,1.855784469096672051e+00,nan,nan,nan,nan,nan,nan,nan,nan,nan,nan,nan,nan,nan,nan,nan,1.531468531468531458e+00,nan,nan,nan,nan,nan,nan,nan,nan,nan
1.285234899328859148e+00,nan,nan,1.123942840478273641e+00,nan,nan,nan,1.688816855753646706e+00,1.688816855753646706e+00,1.688816855753646706e+00,1.688816855753646706e+00,nan,nan,nan,nan,1.688816855753646706e+00,1.688816855753646706e+00,nan,nan,nan,nan,1.688816855753646706e+00,nan,nan,nan,nan,nan,nan,nan,1.688816855753646706e+00,nan,nan,nan,nan,1.284661754855994653e+00,nan,nan,nan,nan,1.688816855753646706e+00,nan,nan,1.688816855753646706e+00,nan,1.688816855753646706e+00,nan,nan,nan,nan,nan,nan,nan,nan,1.390984360625574956e+00,nan,nan,nan,nan,nan,nan,1.688816855753646706e+00,1.688816855753646706e+00,1.367329299913569551e+00,nan,nan,nan,nan,nan,nan,nan,nan,nan,nan,nan,nan,nan,nan,nan,nan,nan,nan,1.688816855753646706e+00,nan,nan,nan,nan,nan,nan,nan,nan,nan
3.666666666666666519e+00,3.666666666666666519e+00,3.666666666666666519e+00,3.666666666666666519e+00,3.666666666666666519e+00,3.666666666666666519e+00,3.666666666666666519e+00,3.666666666666666519e+00,3.666666666666666519e+00,3.666666666666666519e+00,3.666666666666666519e+00,3.666666666666666519e+00,3.666666666666666519e+00,3.666666666666666519e+00,3.666666666666666519e+00,3.666666666666666519e+00,3.666666666666666519e+00,3.666666666666666519e+00,3.666666666666666519e+00,3.995238095238095255e+00,3.666666666666666519e+00,nan,3.666666666666666519e+00,3.666666666666666519e+00,3.666666666666666519e+00,3.666666666666666519e+00,2.333333333333333481e+00,3.666666666666666519e+00,nan,3.666666666666666519e+00,3.666666666666666519e+00,2.333333333333333481e+00,nan,nan,3.666666666666666519e+00,nan,nan,3.666666666666666519e+00,nan,3.666666666666666519e+00,2.022883295194508158e+00,3.666666666666666519e+00,nan,3.666666666666666519e+00,3.666666666666666519e+00,nan,nan,nan,3.666666666666666519e+00,2.151515151515151381e+00,3.666666666666666519e+00,2.196078431372549211e+00,nan,nan,2.500000000000000000e+00,2.192307692307692513e+00,2.158730158730158610e+00,3.666666666666666519e+00,nan,nan,nan,3.666666666666666519e+00,nan,3.666666666666666519e+00,2.144927536231884257e+00,nan,2.250000000000000000e+00,2.238095238095238138e+00,2.263157894736842035e+00,2.133333333333333304e+00,3.666666666666666519e+00,nan,2.222222222222222321e+00,nan,nan,nan,nan,nan,nan,2.434782608695652328e+00,nan,3.666666666666666519e+00,nan,2.175438596491228171e+00,2.256410256410256387e+00,nan,2.166666666666666519e+00,nan,nan,nan,2.476190476190476275e+00
1.250822909809084837e+00,nan,nan,1.223854289071680368e+00,nan,nan,nan,1.613526570048309239e+00,1.500000000000000000e+00,nan,1.613526570048309239e+00,nan,nan,nan,nan,1.613526570048309239e+00,1.613526570048309239e+00,nan,nan,nan,nan,1.613526570048309239e+00,nan,nan,nan,nan,nan,nan,nan,1.613526570048309239e+00,nan,nan,nan,nan,1.188241106719367668e+00,nan,nan,1.613526570048309239e+00,nan,1.613526570048309239e+00,nan,nan,nan,nan,1.613526570048309239e+00,1.287014563106796183e+00,nan,nan,1.613526570048309239e+00,nan,nan,nan,nan,nan,nan,nan,nan,nan,nan,nan,nan,1.613526570048309239e+00,nan,1.311274509803921573e+00,nan,nan,nan,nan,nan,nan,nan,nan,nan,1.512915129151291449e+00,nan,nan,nan,nan,nan,nan,nan,1.613526570048309239e+00,nan,nan,nan,nan,nan,nan,nan,nan,nan
1.282975014526438029e+00,nan,nan,1.191355599214145355e+00,nan,nan,nan,1.768138801261829762e+00,1.768138801261829762e+00,1.768138801261829762e+00,1.768138801261829762e+00,nan,nan,nan,nan,1.768138801261829762e+00,1.768138801261829762e+00,nan,nan,nan,nan,1.768138801261829762e+00,nan,nan,nan,nan,nan,nan,nan,1.768138801261829762e+00,nan,nan,nan,nan,1.333790267306374178e+00,nan,nan,1.768138801261829762e+00,nan,1.768138801261829762e+00,nan,nan,1.768138801261829762e+00,nan,1.768138801261829762e+00,1.768138801261829762e+00,nan,1.483614697120158921e+00,nan,nan,nan,nan,nan,1.350864553314121030e+00,nan,nan,nan,nan,nan,1.768138801261829762e+00,1.768138801261829762e+00,1.768138801261829762e+00,1.768138801261829762e+00,nan,nan,1.768138801261829762e+00,nan,nan,nan,nan,nan,nan,nan,nan,nan,nan,nan,nan,nan,nan,nan,1.768138801261829762e+00,nan,nan,nan,nan,nan,nan,nan,nan,nan
1.259823576583801064e+00,nan,nan,1.122820318423047858e+00,nan,nan,nan,1.384341637010676251e+00,1.540000000000000036e+00,1.372413793103448354e+00,1.540000000000000036e+00,nan,nan,nan,nan,1.540000000000000036e+00,1.540000000000000036e+00,nan,nan,nan,nan,1.540000000000000036e+00,nan,nan,nan,nan,nan,nan,nan,1.540000000000000036e+00,nan,nan,nan,nan,1.224376731301939136e+00,nan,nan,1.540000000000000036e+00,nan,1.540000000000000036e+00,nan,nan,1.540000000000000036e+00,nan,1.540000000000000036e+00,nan,nan,nan,1.540000000000000036e+00,nan,nan,nan,nan,nan,nan,nan,nan,nan,nan,nan,1.540000000000000036e+00,1.540000000000000036e+00,nan,nan,nan,1.540000000000000036e+00,nan,nan,nan,nan,nan,nan,nan,nan,nan,nan,nan,nan,nan,nan,nan,1.540000000000000036e+00,nan,nan,nan,nan,nan,nan,nan,nan,nan
1.229434447300771227e+00,nan,nan,1.109879963065558695e+00,nan,nan,nan,1.585245901639344313e+00,1.585245901639344313e+00,1.585245901639344313e+00,1.585245901639344313e+00,nan,nan,nan,nan,1.585245901639344313e+00,1.585245901639344313e+00,nan,nan,nan,nan,1.585245901639344313e+00,nan,nan,nan,nan,nan,nan,nan,1.585245901639344313e+00,nan,nan,nan,nan,1.345930232558139483e+00,nan,nan,1.585245901639344313e+00,nan,1.585245901639344313e+00,nan,nan,nan,nan,1.585245901639344313e+00,1.290953545232273791e+00,nan,nan,1.585245901639344313e+00,nan,1.585245901639344313e+00,nan,nan,nan,nan,nan,nan,nan,nan,nan,nan,1.585245901639344313e+00,nan,1.585245901639344313e+00,nan,1.585245901639344313e+00,nan,nan,nan,nan,nan,nan,nan,nan,nan,nan,nan,nan,nan,nan,nan,1.585245901639344313e+00,nan,nan,nan,nan,nan,nan,nan,nan,nan
1.776504297994269344e+00,nan,nan,nan,nan,nan,nan,nan,2.040892193308549984e+00,1.918032786885245811e+00,2.040892193308549984e+00,nan,nan,nan,nan,2.040892193308549984e+00,2.040892193308549984e+00,nan,nan,nan,nan,2.040892193308549984e+00,nan,nan,nan,nan,nan,nan,nan,2.040892193308549984e+00,nan,nan,nan,nan,2.133952979770366465e+00,nan,nan,2.040892193308549984e+00,nan,2.040892193308549984e+00,nan,nan,2.040892193308549984e+00,nan,2.040892193308549984e+00,2.040892193308549984e+00,nan,1.422110552763819147e+00,2.040892193308549984e+00,nan,1.853658536585365946e+00,nan,nan,2.040892193308549984e+00,nan,nan,nan,nan,nan,2.040892193308549984e+00,2.040892193308549984e+00,2.040892193308549984e+00,2.040892193308549984e+00,nan,nan,2.040892193308549984e+00,nan,nan,nan,nan,nan,nan,nan,nan,nan,nan,nan,1.230730979612133291e+00,nan,nan,nan,2.040892193308549984e+00,nan,nan,nan,nan,nan,nan,nan,nan,nan
nan,nan,nan,1.722031963470319615e+00,nan,nan,nan,nan,1.642301710730948772e+00,1.642301710730948772e+00,1.642301710730948772e+00,nan,nan,nan,nan,1.642301710730948772e+00,1.642301710730948772e+00,nan,nan,nan,nan,1.642301710730948772e+00,nan,nan,nan,nan,nan,nan,nan,1.642301710730948772e+00,nan,nan,nan,nan,1.539351851851851860e+00,nan,nan,1.642301710730948772e+00,nan,1.642301710730948772e+00,nan,nan,1.642301710730948772e+00,nan,nan,1.642301710730948772e+00,nan,nan,1.642301710730948772e+00,nan,1.642301710730948772e+00,nan,nan,1.299275362318840665e+00,nan,nan,nan,nan,nan,nan,nan,1.642301710730948772e+00,nan,nan,nan,1.488757396449704062e+00,nan,nan,nan,nan,nan,nan,nan,1.356341673856773067e+00,nan,nan,nan,nan,nan,nan,nan,1.642301710730948772e+00,nan,nan,nan,nan,nan,nan,nan,nan,nan
1.530253025302530157e+00,nan,nan,nan,nan,nan,nan,1.532608695652173836e+00,1.532608695652173836e+00,1.532608695652173836e+00,1.532608695652173836e+00,nan,nan,nan,nan,nan,1.451612903225806495e+00,nan,nan,nan,nan,nan,nan,nan,nan,nan,nan,nan,nan,1.532608695652173836e+00,nan,nan,nan,nan,1.184095178459611875e+00,nan,nan,1.532608695652173836e+00,nan,nan,nan,nan,1.532608695652173836e+00,nan,1.532608695652173836e+00,1.376440460947503164e+00,nan,nan,1.532608695652173836e+00,nan,1.532608695652173836e+00,nan,nan,nan,nan,nan,nan,nan,nan,nan,1.532608695652173836e+00,nan,nan,1.532608695652173836e+00,nan,nan,nan,nan,nan,nan,nan,nan,nan,nan,nan,nan,nan,nan,nan,nan,nan,1.532608695652173836e+00,nan,nan,nan,nan,nan,nan,nan,nan,nan
1.000000000000000000e+00,1.000000000000000000e+00,1.000000000000000000e+00,1.000000000000000000e+00,1.000000000000000000e+00,1.000000000000000000e+00,1.000000000000000000e+00,1.000000000000000000e+00,1.000000000000000000e+00,1.000000000000000000e+00,1.000000000000000000e+00,1.000000000000000000e+00,1.000000000000000000e+00,1.000000000000000000e+00,1.000000000000000000e+00,1.000000000000000000e+00,1.000000000000000000e+00,1.000000000000000000e+00,1.000000000000000000e+00,1.000000000000000000e+00,1.000000000000000000e+00,1.000000000000000000e+00,1.000000000000000000e+00,1.000000000000000000e+00,1.000000000000000000e+00,1.000000000000000000e+00,1.000000000000000000e+00,1.000000000000000000e+00,1.000000000000000000e+00,nan,1.000000000000000000e+00,1.000000000000000000e+00,1.000000000000000000e+00,1.000000000000000000e+00,1.000000000000000000e+00,1.000000000000000000e+00,1.000000000000000000e+00,1.000000000000000000e+00,nan,1.000000000000000000e+00,1.000000000000000000e+00,1.000000000000000000e+00,1.000000000000000000e+00,1.000000000000000000e+00,1.000000000000000000e+00,1.000000000000000000e+00,1.000000000000000000e+00,1.000000000000000000e+00,1.000000000000000000e+00,1.000000000000000000e+00,1.000000000000000000e+00,1.000000000000000000e+00,nan,1.000000000000000000e+00,1.000000000000000000e+00,1.000000000000000000e+00,1.000000000000000000e+00,1.000000000000000000e+00,1.000000000000000000e+00,1.000000000000000000e+00,1.000000000000000000e+00,1.000000000000000000e+00,1.000000000000000000e+00,1.000000000000000000e+00,1.000000000000000000e+00,1.000000000000000000e+00,1.000000000000000000e+00,1.000000000000000000e+00,1.000000000000000000e+00,1.000000000000000000e+00,nan,1.000000000000000000e+00,1.000000000000000000e+00,1.000000000000000000e+00,1.000000000000000000e+00,1.000000000000000000e+00,1.000000000000000000e+00,1.000000000000000000e+00,1.000000000000000000e+00,1.000000000000000000e+00,1.000000000000000000e+00,1.000000000000000000e+00,1.000000000000000000e+00,1.000000000000000000e+00,1.000000000000000000e+00,1.000000000000000000e+00,1.000000000000000000e+00,1.000000000000000000e+00,1.000000000000000000e+00,1.000000000000000000e+00,1.000000000000000000e+00
nan,nan,nan,1.800896860986546999e+00,nan,nan,nan,1.359192348565356090e+00,1.547811993517017815e+00,nan,1.547811993517017815e+00,nan,nan,nan,nan,1.547811993517017815e+00,1.547811993517017815e+00,nan,nan,nan,nan,1.547811993517017815e+00,nan,nan,nan,nan,nan,nan,nan,1.547811993517017815e+00,nan,nan,nan,nan,1.379764379764379711e+00,nan,nan,1.547811993517017815e+00,nan,nan,nan,nan,1.547811993517017815e+00,nan,1.547811993517017815e+00,nan,nan,nan,1.547811993517017815e+00,nan,1.547811993517017815e+00,nan,nan,nan,nan,nan,nan,nan,nan,1.456140350877193068e+00,1.547811993517017815e+00,1.547811993517017815e+00,nan,1.547811993517017815e+00,nan,1.547811993517017815e+00,nan,nan,nan,nan,nan,nan,nan,1.547811993517017815e+00,nan,nan,nan,nan,nan,nan,nan,1.547811993517017815e+00,nan,nan,nan,nan,nan,nan,nan,nan,nan
nan,nan,nan,nan,nan,nan,nan,nan,1.372583479789103666e+00,1.372583479789103666e+00,1.372583479789103666e+00,nan,nan,nan,nan,nan,nan,nan,nan,nan,nan,1.372583479789103666e+00,nan,nan,nan,nan,nan,nan,nan,1.372583479789103666e+00,nan,nan,nan,nan,2.138041733547351608e+00,nan,nan,1.372583479789103666e+00,nan,nan,nan,nan,1.372583479789103666e+00,nan,nan,nan,nan,nan,nan,nan,1.372583479789103666e+00,nan,nan,nan,nan,nan,nan,nan,nan,nan,nan,1.372583479789103666e+00,nan,nan,nan,1.372583479789103666e+00,nan,nan,nan,nan,nan,nan,nan,1.372583479789103666e+00,nan,nan,nan,nan,nan,nan,nan,1.372583479789103666e+00,nan,nan,nan,nan,nan,nan,nan,nan,nan
nan,nan,nan,nan,nan,nan,nan,nan,nan,nan,2.018300653594771177e+00,nan,nan,nan,nan,nan,nan,nan,nan,nan,nan,nan,nan,nan,nan,nan,nan,nan,nan,2.018300653594771177e+00,nan,nan,nan,nan,2.310441767068273311e+00,nan,nan,2.018300653594771177e+00,nan,nan,nan,nan,2.018300653594771177e+00,nan,2.018300653594771177e+00,1.558022922636103091e+00,nan,1.873318385650224238e+00,2.018300653594771177e+00,nan,nan,nan,nan,1.655172413793103425e+00,nan,nan,nan,nan,nan,2.018300653594771177e+00,2.018300653594771177e+00,2.018300653594771177e+00,2.398718975180144319e+00,2.018300653594771177e+00,nan,nan,nan,nan,nan,nan,nan,nan,nan,2.018300653594771177e+00,nan,nan,nan,1.175253093363329615e+00,nan,nan,nan,2.018300653594771177e+00,nan,nan,nan,nan,nan,nan,nan,nan,nan
1.759098786828422911e+00,nan,nan,nan,nan,nan,nan,1.615384615384615419e+00,1.615384615384615419e+00,1.615384615384615419e+00,1.615384615384615419e+00,nan,nan,nan,nan,1.615384615384615419e+00,nan,nan,nan,nan,nan,nan,nan,nan,nan,nan,nan,nan,nan,1.615384615384615419e+00,nan,nan,nan,nan,1.984446477584629553e+00,nan,nan,1.615384615384615419e+00,nan,1.558951965065502154e+00,nan,nan,1.615384615384615419e+00,nan,1.615384615384615419e+00,1.615384615384615419e+00,nan,1.152260111022997524e+00,1.615384615384615419e+00,nan,1.615384615384615419e+00,nan,nan,nan,nan,nan,nan,nan,nan,1.490421455938697237e+00,1.615384615384615419e+00,nan,nan,nan,nan,nan,nan,nan,nan,nan,nan,nan,nan,nan,nan,nan,nan,nan,nan,nan,nan,nan,nan,nan,nan,nan,nan,nan,nan,nan,nan
2.063559322033898358e+00,2.451063829787234027e+00,2.361344537815126099e+00,2.062370062370062485e+00,2.346774193548387011e+00,2.250000000000000000e+00,2.479838709677419484e+00,2.322580645161290480e+00,2.322580645161290480e+00,2.322580645161290480e+00,2.322580645161290480e+00,2.364145658263305361e+00,2.450204638472032848e+00,2.358078602620087505e+00,2.532663316582914437e+00,2.322580645161290480e+00,2.322580645161290480e+00,2.385964912280701622e+00,2.357894736842105043e+00,2.348790322580645018e+00,2.393782383419689186e+00,2.322580645161290480e+00,2.388625592417061405e+00,2.352781546811397728e+00,2.459627329192546785e+00,2.394944707740916279e+00,2.407523510971786962e+00,2.436107854630715330e+00,2.412005457025920840e+00,2.322580645161290480e+00,2.364546104360257139e+00,2.129063097514340530e+00,2.021052631578947434e+00,2.843342036553524910e+00,nan,nan,nan,nan,nan,2.322580645161290480e+00,nan,nan,nan,nan,nan,nan,nan,nan,2.322580645161290480e+00,nan,nan,nan,nan,nan,nan,nan,nan,nan,nan,nan,nan,2.322580645161290480e+00,nan,nan,nan,nan,nan,nan,nan,nan,nan,nan,nan,nan,nan,nan,nan,nan,nan,nan,nan,nan,nan,nan,nan,nan,nan,nan,nan,nan,nan
1.399858707170611005e+00,nan,nan,nan,nan,nan,nan,1.581250000000000044e+00,nan,nan,1.581250000000000044e+00,nan,nan,nan,nan,1.581250000000000044e+00,nan,nan,nan,nan,nan,nan,nan,nan,nan,nan,nan,nan,nan,1.581250000000000044e+00,nan,nan,nan,nan,nan,nan,nan,1.581250000000000044e+00,nan,1.581250000000000044e+00,nan,nan,1.581250000000000044e+00,nan,1.581250000000000044e+00,1.311297071129707170e+00,nan,1.349624060150375948e+00,1.581250000000000044e+00,nan,nan,nan,nan,1.507503410641200636e+00,nan,nan,nan,nan,nan,1.581250000000000044e+00,1.581250000000000044e+00,nan,nan,1.581250000000000044e+00,nan,nan,nan,nan,nan,nan,nan,nan,nan,1.581250000000000044e+00,nan,nan,nan,nan,nan,nan,nan,nan,nan,nan,nan,nan,nan,nan,nan,nan,nan
1.145074626865671741e+00,nan,nan,nan,nan,nan,nan,1.406354515050167286e+00,nan,nan,1.406354515050167286e+00,nan,nan,nan,nan,1.309160305343511466e+00,nan,nan,nan,nan,nan,nan,nan,nan,nan,nan,nan,nan,nan,1.406354515050167286e+00,nan,nan,nan,nan,nan,nan,nan,1.406354515050167286e+00,nan,1.406354515050167286e+00,nan,nan,1.406354515050167286e+00,nan,1.406354515050167286e+00,1.498136645962732993e+00,nan,nan,1.406354515050167286e+00,nan,nan,nan,nan,nan,nan,nan,nan,nan,nan,nan,nan,1.406354515050167286e+00,nan,1.406354515050167286e+00,nan,nan,nan,nan,nan,nan,nan,nan,nan,1.406354515050167286e+00,nan,nan,nan,nan,nan,nan,nan,nan,nan,nan,nan,nan,nan,nan,nan,nan,nan
2.666666666666666519e+00,2.666666666666666519e+00,2.666666666666666519e+00,2.666666666666666519e+00,2.666666666666666519e+00,2.666666666666666519e+00,2.666666666666666519e+00,2.666666666666666519e+00,2.666666666666666519e+00,2.666666666666666519e+00,2.666666666666666519e+00,2.666666666666666519e+00,2.666666666666666519e+00,2.666666666666666519e+00,2.666666666666666519e+00,2.666666666666666519e+00,nan,2.666666666666666519e+00,2.666666666666666519e+00,nan,nan,2.666666666666666519e+00,2.666666666666666519e+00,2.666666666666666519e+00,2.666666666666666519e+00,2.666666666666666519e+00,2.666666666666666519e+00,2.666666666666666519e+00,2.666666666666666519e+00,2.666666666666666519e+00,2.666666666666666519e+00,2.666666666666666519e+00,2.666666666666666519e+00,2.666666666666666519e+00,nan,2.666666666666666519e+00,2.666666666666666519e+00,nan,nan,2.666666666666666519e+00,2.666666666666666519e+00,2.666666666666666519e+00,2.666666666666666519e+00,2.666666666666666519e+00,2.666666666666666519e+00,2.666666666666666519e+00,2.666666666666666519e+00,2.666666666666666519e+00,2.666666666666666519e+00,2.666666666666666519e+00,2.666666666666666519e+00,2.666666666666666519e+00,nan,2.666666666666666519e+00,2.666666666666666519e+00,2.666666666666666519e+00,2.666666666666666519e+00,2.666666666666666519e+00,2.666666666666666519e+00,2.666666666666666519e+00,2.666666666666666519e+00,2.666666666666666519e+00,2.666666666666666519e+00,2.666666666666666519e+00,2.666666666666666519e+00,2.666666666666666519e+00,2.666666666666666519e+00,2.666666666666666519e+00,2.666666666666666519e+00,2.666666666666666519e+00,nan,2.666666666666666519e+00,2.666666666666666519e+00,2.666666666666666519e+00,2.666666666666666519e+00,2.666666666666666519e+00,2.666666666666666519e+00,2.666666666666666519e+00,2.666666666666666519e+00,2.666666666666666519e+00,2.666666666666666519e+00,2.666666666666666519e+00,2.666666666666666519e+00,2.666666666666666519e+00,2.666666666666666519e+00,2.666666666666666519e+00,2.666666666666666519e+00,2.666666666666666519e+00,nan,nan,nan
1.955445544554455406e+00,nan,nan,nan,nan,nan,nan,1.357876712328767166e+00,nan,nan,nan,nan,nan,nan,nan,nan,nan,nan,nan,nan,nan,nan,nan,nan,nan,nan,nan,nan,nan,nan,nan,nan,nan,nan,nan,nan,nan,nan,nan,1.357876712328767166e+00,nan,nan,1.357876712328767166e+00,nan,nan,nan,nan,nan,1.357876712328767166e+00,nan,nan,nan,nan,nan,nan,nan,nan,nan,nan,nan,nan,1.357876712328767166e+00,nan,nan,nan,nan,nan,nan,nan,nan,nan,nan,nan,1.876651982378854555e+00,nan,nan,nan,nan,nan,nan,nan,nan,nan,nan,nan,nan,nan,nan,nan,nan,nan
1.857142857142857206e+00,nan,1.944444444444444420e+00,1.857142857142857206e+00,nan,1.970588235294117752e+00,1.962264150943396235e+00,1.857142857142857206e+00,1.857142857142857206e+00,1.857142857142857206e+00,1.857142857142857206e+00,1.945945945945946054e+00,1.962962962962963021e+00,1.970588235294117752e+00,1.947368421052631637e+00,1.857142857142857206e+00,1.857142857142857206e+00,1.952380952380952328e+00,1.949999999999999956e+00,nan,1.970588235294117752e+00,1.857142857142857206e+00,1.959999999999999964e+00,1.966666666666666563e+00,1.961538461538461453e+00,1.962962962962963021e+00,1.967741935483870996e+00,1.961538461538461453e+00,nan,1.857142857142857206e+00,nan,nan,nan,1.958333333333333259e+00,1.857142857142857206e+00,1.933333333333333348e+00,1.986206896551724110e+00,1.857142857142857206e+00,1.818181818181818121e+00,nan,1.970588235294117752e+00,1.969696969696969724e+00,1.857142857142857206e+00,1.962962962962963021e+00,1.857142857142857206e+00,1.857142857142857206e+00,1.964285714285714191e+00,1.857142857142857206e+00,1.857142857142857206e+00,1.978723404255319229e+00,1.857142857142857206e+00,nan,nan,1.857142857142857206e+00,nan,1.966666666666666563e+00,1.981651376146789101e+00,1.967741935483870996e+00,nan,1.857142857142857206e+00,1.857142857142857206e+00,1.857142857142857206e+00,1.857142857142857206e+00,1.857142857142857206e+00,1.974025974025974017e+00,1.857142857142857206e+00,1.982758620689655249e+00,nan,nan,1.966666666666666563e+00,nan,nan,nan,1.857142857142857206e+00,1.970588235294117752e+00,1.808510638297872397e+00,nan,1.857142857142857206e+00,1.956521739130434812e+00,nan,nan,1.857142857142857206e+00,1.987878787878787801e+00,nan,nan,nan,1.983606557377049162e+00,nan,nan,nan,nan
nan,nan,nan,1.855324849296718037e+00,nan,nan,nan,1.712480252764613020e+00,1.712480252764613020e+00,nan,1.712480252764613020e+00,nan,nan,nan,nan,nan,1.712480252764613020e+00,nan,nan,nan,nan,1.712480252764613020e+00,nan,nan,nan,nan,nan,nan,nan,1.712480252764613020e+00,nan,nan,nan,nan,nan,nan,nan,1.712480252764613020e+00,nan,1.575255102040816313e+00,nan,nan,nan,nan,1.712480252764613020e+00,nan,nan,1.967475192943770601e+00,1.712480252764613020e+00,nan,1.712480252764613020e+00,nan,nan,1.238498149127445824e+00,nan,nan,nan,nan,nan,nan,nan,1.712480252764613020e+00,1.667159763313609488e+00,1.712480252764613020e+00,nan,1.712480252764613020e+00,nan,nan,nan,nan,nan,nan,nan,nan,nan,nan,nan,nan,nan,nan,nan,1.712480252764613020e+00,nan,nan,nan,nan,nan,nan,nan,nan,nan
nan,nan,nan,1.931249999999999911e+00,nan,nan,nan,2.092568448500651712e+00,2.092568448500651712e+00,2.092568448500651712e+00,2.092568448500651712e+00,nan,nan,nan,nan,2.092568448500651712e+00,2.092568448500651712e+00,nan,nan,nan,nan,2.092568448500651712e+00,nan,nan,nan,nan,nan,nan,nan,2.092568448500651712e+00,nan,nan,nan,nan,nan,nan,nan,2.092568448500651712e+00,nan,2.092568448500651712e+00,nan,nan,2.092568448500651712e+00,nan,2.092568448500651712e+00,1.559039359573048733e+00,nan,1.514742014742014753e+00,2.092568448500651712e+00,nan,1.586013986013985910e+00,nan,nan,1.677993527508090610e+00,nan,nan,nan,nan,nan,2.092568448500651712e+00,2.092568448500651712e+00,2.092568448500651712e+00,1.541343669250645920e+00,2.092568448500651712e+00,nan,2.092568448500651712e+00,nan,nan,nan,nan,nan,nan,nan,1.840521564694082235e+00,nan,nan,nan,1.114936222740364746e+00,nan,nan,nan,2.092568448500651712e+00,nan,nan,nan,nan,nan,nan,nan,nan,nan
2.428571428571428381e+00,2.149999999999999911e+00,nan,2.428571428571428381e+00,nan,2.428571428571428381e+00,2.428571428571428381e+00,2.428571428571428381e+00,2.428571428571428381e+00,2.428571428571428381e+00,2.428571428571428381e+00,2.428571428571428381e+00,nan,2.428571428571428381e+00,2.428571428571428381e+00,2.428571428571428381e+00,2.428571428571428381e+00,nan,2.428571428571428381e+00,2.149999999999999911e+00,2.428571428571428381e+00,nan,nan,2.428571428571428381e+00,2.428571428571428381e+00,nan,2.428571428571428381e+00,2.428571428571428381e+00,2.428571428571428381e+00,2.428571428571428381e+00,2.428571428571428381e+00,1.526315789473684292e+00,2.428571428571428381e+00,2.428571428571428381e+00,nan,2.428571428571428381e+00,1.500000000000000000e+00,2.428571428571428381e+00,1.769230769230769162e+00,2.428571428571428381e+00,nan,2.428571428571428381e+00,nan,2.428571428571428381e+00,2.428571428571428381e+00,2.428571428571428381e+00,2.428571428571428381e+00,2.428571428571428381e+00,2.428571428571428381e+00,2.428571428571428381e+00,2.428571428571428381e+00,2.428571428571428381e+00,nan,2.428571428571428381e+00,nan,2.428571428571428381e+00,2.428571428571428381e+00,2.428571428571428381e+00,2.428571428571428381e+00,2.428571428571428381e+00,2.428571428571428381e+00,2.428571428571428381e+00,2.428571428571428381e+00,2.428571428571428381e+00,2.428571428571428381e+00,2.428571428571428381e+00,2.428571428571428381e+00,2.428571428571428381e+00,2.428571428571428381e+00,2.428571428571428381e+00,1.939393939393939448e+00,2.428571428571428381e+00,2.428571428571428381e+00,2.428571428571428381e+00,1.399999999999999911e+00,2.428571428571428381e+00,1.476190476190476275e+00,2.428571428571428381e+00,2.428571428571428381e+00,2.428571428571428381e+00,2.428571428571428381e+00,2.428571428571428381e+00,1.399999999999999911e+00,2.428571428571428381e+00,1.982102908277404874e+00,1.526315789473684292e+00,2.428571428571428381e+00,nan,nan,nan,nan
nan,nan,nan,1.185393258426966190e+00,nan,nan,nan,1.453296703296703241e+00,1.518867924528301883e+00,nan,1.518867924528301883e+00,nan,nan,nan,nan,1.518867924528301883e+00,1.518867924528301883e+00,nan,nan,nan,nan,1.518867924528301883e+00,nan,nan,nan,nan,nan,nan,nan,1.518867924528301883e+00,nan,nan,nan,nan,nan,nan,nan,1.518867924528301883e+00,nan,1.427461139896373021e+00,nan,nan,1.518867924528301883e+00,nan,1.518867924528301883e+00,1.429687500000000000e+00,nan,nan,1.518867924528301883e+00,nan,1.399515738498789297e+00,nan,nan,nan,nan,nan,nan,nan,nan,1.518867924528301883e+00,1.343750000000000000e+00,1.518867924528301883e+00,nan,nan,nan,1.518867924528301883e+00,nan,nan,nan,nan,nan,nan,nan,1.518867924528301883e+00,nan,nan,nan,nan,nan,nan,nan,1.518867924528301883e+00,nan,nan,nan,nan,nan,nan,nan,nan,nan
nan,4.333333333333333037e+00,nan,4.333333333333333037e+00,nan,4.333333333333333037e+00,nan,nan,4.333333333333333037e+00,4.333333333333333037e+00,4.333333333333333037e+00,4.333333333333333037e+00,4.333333333333333037e+00,4.333333333333333037e+00,4.333333333333333037e+00,4.333333333333333037e+00,4.333333333333333037e+00,4.333333333333333037e+00,4.333333333333333037e+00,4.333333333333333037e+00,4.333333333333333037e+00,4.333333333333333037e+00,4.333333333333333037e+00,4.333333333333333037e+00,4.333333333333333037e+00,4.333333333333333037e+00,4.333333333333333037e+00,nan,4.333333333333333037e+00,4.333333333333333037e+00,4.333333333333333037e+00,nan,4.333333333333333037e+00,4.333333333333333037e+00,nan,4.333333333333333037e+00,4.333333333333333037e+00,4.333333333333333037e+00,nan,4.333333333333333037e+00,4.333333333333333037e+00,4.333333333333333037e+00,4.333333333333333037e+00,4.333333333333333037e+00,nan,4.333333333333333037e+00,nan,4.333333333333333037e+00,4.333333333333333037e+00,4.333333333333333037e+00,4.333333333333333037e+00,4.333333333333333037e+00,nan,4.333333333333333037e+00,4.333333333333333037e+00,4.333333333333333037e+00,4.333333333333333037e+00,4.333333333333333037e+00,4.333333333333333037e+00,4.333333333333333037e+00,4.333333333333333037e+00,4.333333333333333037e+00,4.333333333333333037e+00,4.333333333333333037e+00,4.333333333333333037e+00,4.333333333333333037e+00,4.333333333333333037e+00,4.333333333333333037e+00,4.333333333333333037e+00,4.333333333333333037e+00,nan,4.333333333333333037e+00,4.333333333333333037e+00,4.333333333333333037e+00,4.333333333333333037e+00,4.333333333333333037e+00,4.333333333333333037e+00,4.333333333333333037e+00,4.333333333333333037e+00,4.333333333333333037e+00,4.333333333333333037e+00,4.333333333333333037e+00,4.333333333333333037e+00,4.333333333333333037e+00,4.333333333333333037e+00,4.333333333333333037e+00,4.333333333333333037e+00,4.333333333333333037e+00,nan,nan,nan
2.043478260869565410e+00,nan,nan,nan,nan,1.932432432432432456e+00,nan,nan,2.043478260869565410e+00,2.043478260869565410e+00,2.043478260869565410e+00,1.951945080091533224e+00,nan,nan,2.008403361344537785e+00,2.043478260869565410e+00,2.043478260869565410e+00,nan,2.006535947712418277e+00,nan,nan,nan,2.051546391752577136e+00,1.923913043478260976e+00,nan,2.043478260869565410e+00,2.008403361344537785e+00,1.963362068965517349e+00,2.004830917874396157e+00,2.043478260869565410e+00,nan,nan,1.924623115577889454e+00,1.947183098591549255e+00,nan,1.951048951048951041e+00,2.075471698113207530e+00,2.043478260869565410e+00,nan,2.043478260869565410e+00,nan,2.009900990099009910e+00,2.043478260869565410e+00,2.043478260869565410e+00,2.043478260869565410e+00,nan,1.961538461538461453e+00,2.004576659038901809e+00,2.043478260869565410e+00,nan,nan,nan,nan,2.043478260869565410e+00,nan,2.005797101449275477e+00,nan,2.008403361344537785e+00,2.007843137254901933e+00,2.043478260869565410e+00,2.043478260869565410e+00,2.043478260869565410e+00,2.043478260869565410e+00,nan,1.962598425196850460e+00,nan,nan,1.952095808383233599e+00,nan,1.939130434782608603e+00,nan,nan,2.006024096385542244e+00,2.043478260869565410e+00,nan,nan,nan,2.006349206349206327e+00,2.009708737864077666e+00,nan,2.006289308176100850e+00,nan,nan,nan,nan,nan,nan,1.929203539823008740e+00,nan,nan,nan
nan,nan,nan,nan,nan,nan,nan,1.348672566371681425e+00,nan,nan,nan,nan,nan,nan,nan,1.348672566371681425e+00,1.348672566371681425e+00,nan,nan,nan,nan,nan,nan,nan,nan,nan,nan,nan,nan,1.348672566371681425e+00,nan,nan,nan,nan,nan,nan,nan,1.348672566371681425e+00,nan,1.348672566371681425e+00,nan,nan,1.348672566371681425e+00,nan,nan,1.249051833122629684e+00,nan,1.169974115616911226e+00,1.348672566371681425e+00,nan,nan,nan,nan,nan,nan,nan,nan,nan,nan,1.318255250403877143e+00,nan,1.348672566371681425e+00,nan,1.348672566371681425e+00,nan,nan,nan,nan,nan,nan,nan,nan,nan,1.348672566371681425e+00,nan,nan,nan,nan,nan,nan,nan,1.348672566371681425e+00,nan,nan,nan,nan,nan,nan,nan,nan,nan
nan,nan,nan,nan,nan,2.103386809269162327e+00,nan,nan,nan,2.083333333333333481e+00,2.083333333333333481e+00,nan,nan,nan,1.980952380952381020e+00,nan,2.083333333333333481e+00,nan,2.075704225352112520e+00,nan,nan,nan,nan,2.096246390760346578e+00,nan,nan,1.980392156862745168e+00,nan,nan,2.083333333333333481e+00,nan,nan,1.983783783783783727e+00,2.090203685741998108e+00,nan,2.081818181818182012e+00,nan,2.083333333333333481e+00,nan,2.083333333333333481e+00,2.083541147132169424e+00,1.943005181347150279e+00,2.083333333333333481e+00,nan,2.083333333333333481e+00,2.083333333333333481e+00,2.072727272727272751e+00,nan,2.083333333333333481e+00,2.071129707112970841e+00,nan,nan,1.531051964512040620e+00,2.083333333333333481e+00,2.064516129032258007e+00,2.032734952481520807e+00,2.077490774907749138e+00,2.010101010101009944e+00,2.013559322033898091e+00,2.083333333333333481e+00,2.083333333333333481e+00,2.083333333333333481e+00,nan,2.083333333333333481e+00,nan,nan,nan,nan,nan,2.048736462093862620e+00,nan,nan,nan,2.083333333333333481e+00,1.988009592326139163e+00,2.090163934426229719e+00,nan,3.501355013550135453e+00,2.013888888888888840e+00,2.028473804100227706e+00,nan,nan,nan,nan,nan,nan,nan,2.052359882005899916e+00,nan,nan,nan
4.000000000000000000e+00,4.000000000000000000e+00,4.000000000000000000e+00,4.000000000000000000e+00,nan,4.000000000000000000e+00,4.000000000000000000e+00,4.000000000000000000e+00,4.000000000000000000e+00,4.000000000000000000e+00,4.000000000000000000e+00,4.000000000000000000e+00,4.000000000000000000e+00,4.000000000000000000e+00,4.000000000000000000e+00,4.000000000000000000e+00,4.000000000000000000e+00,nan,4.000000000000000000e+00,nan,nan,4.000000000000000000e+00,4.000000000000000000e+00,nan,4.000000000000000000e+00,4.000000000000000000e+00,4.000000000000000000e+00,4.000000000000000000e+00,4.000000000000000000e+00,4.000000000000000000e+00,4.000000000000000000e+00,nan,4.000000000000000000e+00,4.000000000000000000e+00,4.000000000000000000e+00,4.000000000000000000e+00,4.000000000000000000e+00,4.000000000000000000e+00,4.000000000000000000e+00,4.000000000000000000e+00,4.000000000000000000e+00,4.000000000000000000e+00,4.000000000000000000e+00,4.000000000000000000e+00,4.000000000000000000e+00,4.000000000000000000e+00,4.000000000000000000e+00,4.000000000000000000e+00,nan,nan,4.000000000000000000e+00,nan,4.000000000000000000e+00,4.000000000000000000e+00,4.000000000000000000e+00,4.000000000000000000e+00,4.000000000000000000e+00,4.000000000000000000e+00,4.000000000000000000e+00,4.000000000000000000e+00,4.000000000000000000e+00,4.000000000000000000e+00,nan,4.000000000000000000e+00,4.000000000000000000e+00,4.000000000000000000e+00,nan,4.000000000000000000e+00,4.000000000000000000e+00,4.000000000000000000e+00,2.013008130081300973e+00,nan,nan,4.000000000000000000e+00,4.000000000000000000e+00,4.000000000000000000e+00,4.000000000000000000e+00,4.000000000000000000e+00,4.000000000000000000e+00,4.000000000000000000e+00,nan,nan,4.000000000000000000e+00,nan,nan,4.000000000000000000e+00,4.000000000000000000e+00,4.000000000000000000e+00,nan,4.000000000000000000e+00,nan
nan,nan,nan,nan,nan,nan,nan,nan,1.432330827067669121e+00,1.432330827067669121e+00,1.432330827067669121e+00,nan,nan,nan,nan,1.432330827067669121e+00,1.432330827067669121e+00,nan,nan,nan,nan,1.432330827067669121e+00,nan,nan,nan,nan,nan,nan,nan,1.432330827067669121e+00,nan,nan,nan,nan,nan,nan,nan,1.432330827067669121e+00,nan,1.432330827067669121e+00,nan,nan,1.432330827067669121e+00,nan,1.432330827067669121e+00,nan,nan,1.119729307652264527e+00,nan,nan,1.432330827067669121e+00,nan,nan,1.152621101526211111e+00,nan,nan,nan,nan,nan,1.358814352574102990e+00,1.432330827067669121e+00,1.277442702050663348e+00,1.181531176006314077e+00,1.432330827067669121e+00,nan,1.389170896785109965e+00,nan,nan,nan,nan,nan,nan,nan,nan,nan,nan,nan,nan,nan,nan,nan,1.432330827067669121e+00,nan,nan,nan,nan,nan,nan,nan,nan,nan
2.833333333333333481e+00,nan,nan,2.833333333333333481e+00,nan,2.151515151515151381e+00,nan,2.833333333333333481e+00,2.833333333333333481e+00,2.833333333333333481e+00,2.833333333333333481e+00,2.172413793103448398e+00,2.192307692307692513e+00,2.064102564102564319e+00,2.166666666666666519e+00,2.833333333333333481e+00,2.833333333333333481e+00,nan,2.833333333333333481e+00,nan,nan,2.833333333333333481e+00,nan,nan,nan,2.192307692307692513e+00,2.166666666666666519e+00,2.200000000000000178e+00,2.833333333333333481e+00,2.833333333333333481e+00,2.108695652173913082e+00,2.277777777777777679e+00,nan,2.217391304347826164e+00,nan,nan,nan,2.833333333333333481e+00,nan,2.833333333333333481e+00,2.083333333333333481e+00,2.156250000000000000e+00,2.833333333333333481e+00,2.058139534883721034e+00,2.833333333333333481e+00,nan,nan,nan,2.833333333333333481e+00,2.192307692307692513e+00,nan,2.833333333333333481e+00,nan,nan,nan,2.172413793103448398e+00,2.060975609756097615e+00,2.092592592592592560e+00,2.200000000000000178e+00,2.833333333333333481e+00,2.833333333333333481e+00,2.833333333333333481e+00,2.833333333333333481e+00,2.833333333333333481e+00,2.185185185185185119e+00,2.833333333333333481e+00,2.217391304347826164e+00,nan,2.227272727272727071e+00,2.172413793103448398e+00,2.333333333333333481e+00,nan,nan,2.833333333333333481e+00,2.208333333333333481e+00,2.071428571428571619e+00,2.250000000000000000e+00,nan,nan,2.833333333333333481e+00,nan,2.833333333333333481e+00,2.208333333333333481e+00,2.217391304347826164e+00,2.178571428571428381e+00,2.277777777777777679e+00,2.208333333333333481e+00,nan,2.185185185185185119e+00,2.384615384615384581e+00,2.192307692307692513e+00
nan,nan,nan,nan,nan,nan,nan,nan,1.144067796610169552e+00,1.144067796610169552e+00,1.144067796610169552e+00,nan,nan,nan,nan,nan,1.144067796610169552e+00,nan,nan,nan,nan,1.144067796610169552e+00,nan,nan,nan,nan,nan,nan,nan,1.144067796610169552e+00,nan,nan,nan,nan,nan,nan,nan,1.144067796610169552e+00,nan,nan,nan,nan,1.144067796610169552e+00,nan,1.144067796610169552e+00,nan,nan,nan,nan,nan,1.144067796610169552e+00,nan,nan,nan,nan,nan,nan,nan,nan,1.144067796610169552e+00,1.144067796610169552e+00,1.144067796610169552e+00,nan,1.144067796610169552e+00,nan,1.144067796610169552e+00,nan,nan,nan,nan,nan,nan,nan,nan,nan,nan,nan,nan,nan,nan,nan,1.144067796610169552e+00,nan,nan,nan,nan,nan,nan,nan,nan,nan
nan,nan,nan,nan,nan,nan,nan,nan,nan,nan,nan,nan,nan,nan,nan,1.906326034063260400e+00,1.843714609286523309e+00,nan,nan,nan,nan,nan,nan,nan,nan,nan,nan,nan,nan,nan,nan,nan,nan,nan,nan,nan,nan,nan,nan,nan,nan,nan,nan,nan,nan,nan,nan,1.487379531895364870e+00,1.898817345597897610e+00,nan,nan,nan,nan,1.417073170731707243e+00,nan,nan,nan,nan,nan,nan,1.906439854191980476e+00,1.898817345597897610e+00,1.414545454545454550e+00,nan,nan,nan,nan,nan,nan,nan,nan,nan,nan,1.898817345597897610e+00,nan,nan,nan,1.182890855457227053e+00,nan,nan,nan,nan,nan,nan,nan,nan,nan,nan,nan,nan,nan
nan,nan,nan,nan,nan,2.211409395973154446e+00,nan,nan,nan,nan,2.321428571428571619e+00,nan,nan,nan,nan,2.321428571428571619e+00,2.321428571428571619e+00,nan,2.289036544850498345e+00,nan,2.137404580152671763e+00,nan,nan,2.429787234042553035e+00,nan,nan,2.309782608695652328e+00,2.269230769230769162e+00,nan,2.321428571428571619e+00,nan,nan,2.446376811594202838e+00,nan,nan,2.306603773584905870e+00,nan,2.321428571428571619e+00,nan,2.321428571428571619e+00,2.547993019197207776e+00,2.506726457399103047e+00,2.321428571428571619e+00,nan,2.321428571428571619e+00,2.321428571428571619e+00,nan,2.321428571428571619e+00,2.321428571428571619e+00,2.344961240310077688e+00,nan,nan,1.637002341920374748e+00,nan,2.442176870748299145e+00,nan,nan,2.368181818181818166e+00,2.527950310559006208e+00,nan,nan,2.321428571428571619e+00,2.321428571428571619e+00,2.321428571428571619e+00,nan,nan,nan,2.426315789473684426e+00,nan,2.391472868217054071e+00,nan,2.243421052631578760e+00,2.109589041095890405e+00,2.321428571428571619e+00,nan,2.219230769230769340e+00,nan,2.321428571428571619e+00,2.493243243243243423e+00,nan,2.347826086956521952e+00,nan,nan,2.171666666666666856e+00,2.232843137254902022e+00,nan,2.265682656826568220e+00,1.660749506903353101e+00,nan,nan,2.595923261390887138e+00
nan,nan,nan,nan,nan,nan,nan,nan,nan,nan,nan,nan,nan,nan,nan,nan,1.920106524633821587e+00,nan,nan,nan,nan,1.920106524633821587e+00,nan,nan,nan,nan,nan,nan,nan,1.920106524633821587e+00,nan,nan,nan,nan,nan,nan,nan,1.920106524633821587e+00,nan,nan,nan,nan,nan,nan,1.920106524633821587e+00,nan,nan,1.572968490878938530e+00,1.920106524633821587e+00,nan,nan,nan,nan,1.725840336134453867e+00,nan,nan,nan,nan,nan,1.920106524633821587e+00,1.920106524633821587e+00,1.920106524633821587e+00,1.920106524633821587e+00,1.920106524633821587e+00,nan,nan,nan,nan,nan,nan,nan,nan,nan,1.920106524633821587e+00,nan,nan,nan,1.098181301506109708e+00,nan,nan,nan,nan,nan,nan,nan,nan,nan,nan,nan,nan,nan
nan,nan,nan,nan,nan,nan,nan,1.934812760055478531e+00,1.934812760055478531e+00,1.934812760055478531e+00,1.934812760055478531e+00,nan,nan,nan,nan,1.934812760055478531e+00,1.934812760055478531e+00,nan,nan,nan,nan,1.934812760055478531e+00,nan,nan,nan,nan,nan,nan,nan,1.934812760055478531e+00,nan,nan,nan,nan,nan,nan,nan,1.934812760055478531e+00,nan,1.934812760055478531e+00,nan,nan,1.934812760055478531e+00,nan,1.934812760055478531e+00,1.495588235294117663e+00,nan,1.360620652755484272e+00,1.934812760055478531e+00,nan,1.934812760055478531e+00,nan,nan,nan,nan,nan,nan,nan,nan,1.725511302475780440e+00,1.934812760055478531e+00,1.934812760055478531e+00,nan,1.934812760055478531e+00,nan,1.934812760055478531e+00,nan,nan,nan,nan,nan,nan,nan,1.500371195248700884e+00,nan,nan,nan,1.100417163289630462e+00,nan,nan,nan,1.934812760055478531e+00,nan,nan,nan,nan,nan,nan,nan,nan,nan
nan,nan,nan,nan,nan,nan,nan,nan,1.402826855123674887e+00,nan,nan,nan,nan,nan,nan,1.402826855123674887e+00,1.402826855123674887e+00,nan,nan,nan,nan,1.402826855123674887e+00,nan,nan,nan,nan,nan,nan,nan,1.402826855123674887e+00,nan,nan,nan,nan,nan,nan,nan,1.402826855123674887e+00,nan,1.402826855123674887e+00,nan,nan,1.402826855123674887e+00,nan,1.402826855123674887e+00,nan,nan,1.179386309992132231e+00,1.402826855123674887e+00,nan,1.307692307692307709e+00,nan,nan,nan,nan,nan,nan,nan,nan,1.402826855123674887e+00,1.402826855123674887e+00,1.402826855123674887e+00,1.268551236749116518e+00,1.402826855123674887e+00,nan,1.402826855123674887e+00,nan,nan,nan,nan,nan,nan,nan,1.402826855123674887e+00,nan,nan,nan,nan,nan,nan,nan,1.402826855123674887e+00,nan,nan,nan,nan,nan,nan,nan,nan,nan
nan,nan,nan,nan,nan,nan,nan,1.897648686030428689e+00,1.897648686030428689e+00,nan,1.897648686030428689e+00,nan,nan,nan,nan,1.897648686030428689e+00,1.617507136060894357e+00,nan,nan,nan,nan,1.897648686030428689e+00,nan,nan,nan,nan,nan,nan,nan,1.897648686030428689e+00,nan,nan,nan,nan,nan,nan,nan,1.897648686030428689e+00,nan,1.897648686030428689e+00,nan,nan,1.897648686030428689e+00,nan,1.897648686030428689e+00,1.424738219895288038e+00,nan,1.293665158371040791e+00,1.897648686030428689e+00,nan,1.897648686030428689e+00,nan,nan,1.897648686030428689e+00,nan,nan,nan,nan,nan,1.811250000000000027e+00,1.745120551090700411e+00,1.897648686030428689e+00,1.897648686030428689e+00,1.897648686030428689e+00,nan,1.897648686030428689e+00,nan,nan,nan,nan,nan,nan,nan,1.897648686030428689e+00,nan,nan,nan,1.111646309994839044e+00,nan,nan,nan,1.897648686030428689e+00,nan,nan,nan,nan,nan,nan,nan,nan,nan
nan,nan,nan,nan,nan,nan,nan,nan,nan,1.885517241379310427e+00,nan,nan,nan,nan,nan,nan,1.885517241379310427e+00,nan,nan,nan,nan,nan,nan,nan,nan,nan,nan,nan,nan,1.885517241379310427e+00,nan,nan,nan,nan,nan,nan,nan,1.885517241379310427e+00,nan,nan,nan,nan,1.885517241379310427e+00,nan,1.885517241379310427e+00,1.583636363636363731e+00,nan,1.548249359521776336e+00,1.885517241379310427e+00,nan,1.885517241379310427e+00,nan,nan,1.885517241379310427e+00,nan,nan,nan,nan,nan,1.399750933997509383e+00,1.885517241379310427e+00,1.885517241379310427e+00,1.885517241379310427e+00,1.885517241379310427e+00,nan,1.885517241379310427e+00,nan,nan,nan,nan,nan,nan,nan,1.885517241379310427e+00,nan,nan,nan,1.126827340971947811e+00,nan,nan,nan,1.885517241379310427e+00,nan,nan,nan,nan,nan,nan,nan,nan,nan
nan,nan,nan,nan,nan,2.767123287671232834e+00,nan,2.105263157894736725e+00,2.105263157894736725e+00,2.105263157894736725e+00,2.105263157894736725e+00,2.159235668789809104e+00,2.234636871508379752e+00,nan,1.758241758241758212e+00,2.105263157894736725e+00,2.105263157894736725e+00,nan,2.288659793814432852e+00,nan,nan,nan,nan,1.761363636363636465e+00,nan,nan,1.758241758241758212e+00,nan,nan,2.105263157894736725e+00,2.092050209205020828e+00,nan,1.785714285714285809e+00,2.271428571428571352e+00,nan,2.216867469879518104e+00,nan,2.105263157894736725e+00,nan,2.105263157894736725e+00,nan,1.661971830985915499e+00,2.105263157894736725e+00,2.346368715083798850e+00,2.105263157894736725e+00,2.105263157894736725e+00,2.155339805825242649e+00,2.105263157894736725e+00,2.105263157894736725e+00,2.025316455696202667e+00,2.105263157894736725e+00,2.255434782608695787e+00,nan,nan,1.840000000000000080e+00,1.761363636363636465e+00,2.184210526315789380e+00,1.758241758241758212e+00,1.776315789473684292e+00,nan,2.105263157894736725e+00,2.105263157894736725e+00,2.015037593984962516e+00,2.105263157894736725e+00,2.158620689655172509e+00,2.105263157894736725e+00,nan,1.780821917808219190e+00,nan,2.284090909090909172e+00,nan,nan,2.482758620689655249e+00,2.105263157894736725e+00,nan,2.156521739130434767e+00,nan,2.037735849056603765e+00,1.791044776119403048e+00,1.827586206896551824e+00,1.827586206896551824e+00,2.105263157894736725e+00,nan,2.039175257731958624e+00,nan,nan,1.853211009174311918e+00,2.171875000000000000e+00,nan,nan,nan
2.083333333333333481e+00,nan,nan,nan,nan,2.717948717948718063e+00,nan,2.083333333333333481e+00,2.083333333333333481e+00,2.083333333333333481e+00,2.083333333333333481e+00,2.810344827586206851e+00,2.031250000000000000e+00,1.392857142857142794e+00,2.083333333333333481e+00,nan,2.083333333333333481e+00,nan,2.421875000000000000e+00,nan,2.440476190476190688e+00,nan,nan,2.413793103448275801e+00,2.364485981308411144e+00,nan,2.083333333333333481e+00,nan,2.358695652173913082e+00,2.083333333333333481e+00,2.291666666666666519e+00,nan,2.083333333333333481e+00,2.391304347826086918e+00,nan,2.016666666666666607e+00,nan,2.083333333333333481e+00,nan,2.083333333333333481e+00,nan,2.083333333333333481e+00,2.083333333333333481e+00,2.228260869565217295e+00,2.083333333333333481e+00,2.083333333333333481e+00,nan,2.083333333333333481e+00,2.083333333333333481e+00,2.291666666666666519e+00,2.083333333333333481e+00,2.430555555555555358e+00,2.083333333333333481e+00,nan,2.083333333333333481e+00,2.028571428571428470e+00,2.289855072463768071e+00,2.083333333333333481e+00,2.083333333333333481e+00,2.083333333333333481e+00,nan,2.083333333333333481e+00,2.083333333333333481e+00,2.083333333333333481e+00,2.018518518518518601e+00,2.083333333333333481e+00,2.267175572519084081e+00,2.033333333333333215e+00,2.184782608695652328e+00,2.296296296296296280e+00,nan,nan,2.274509803921568540e+00,2.083333333333333481e+00,nan,1.160068846815834664e+00,2.220588235294117752e+00,2.083333333333333481e+00,2.083333333333333481e+00,2.034482758620689502e+00,2.034482758620689502e+00,2.083333333333333481e+00,2.033333333333333215e+00,2.225000000000000089e+00,nan,2.216666666666666785e+00,2.440476190476190688e+00,nan,nan,nan,nan
3.799999999999999822e+00,3.799999999999999822e+00,nan,nan,nan,3.799999999999999822e+00,nan,3.799999999999999822e+00,3.799999999999999822e+00,3.799999999999999822e+00,3.799999999999999822e+00,nan,nan,nan,nan,3.799999999999999822e+00,3.799999999999999822e+00,3.799999999999999822e+00,3.799999999999999822e+00,nan,3.799999999999999822e+00,3.799999999999999822e+00,3.799999999999999822e+00,3.799999999999999822e+00,3.799999999999999822e+00,3.799999999999999822e+00,3.799999999999999822e+00,1.583333333333333259e+00,nan,3.799999999999999822e+00,3.799999999999999822e+00,1.823529411764705843e+00,3.799999999999999822e+00,nan,3.799999999999999822e+00,nan,3.799999999999999822e+00,3.799999999999999822e+00,3.799999999999999822e+00,3.799999999999999822e+00,1.608695652173913082e+00,3.799999999999999822e+00,3.799999999999999822e+00,3.799999999999999822e+00,3.799999999999999822e+00,3.799999999999999822e+00,1.736842105263157965e+00,3.799999999999999822e+00,3.799999999999999822e+00,3.799999999999999822e+00,3.799999999999999822e+00,3.799999999999999822e+00,3.799999999999999822e+00,3.799999999999999822e+00,3.799999999999999822e+00,3.799999999999999822e+00,3.799999999999999822e+00,3.799999999999999822e+00,3.799999999999999822e+00,3.799999999999999822e+00,3.799999999999999822e+00,nan,3.799999999999999822e+00,3.799999999999999822e+00,3.799999999999999822e+00,3.799999999999999822e+00,3.799999999999999822e+00,3.799999999999999822e+00,3.799999999999999822e+00,3.799999999999999822e+00,nan,3.799999999999999822e+00,3.799999999999999822e+00,3.799999999999999822e+00,1.245614035087719396e+00,nan,3.799999999999999822e+00,3.799999999999999822e+00,3.799999999999999822e+00,3.799999999999999822e+00,3.799999999999999822e+00,3.799999999999999822e+00,3.799999999999999822e+00,3.799999999999999822e+00,1.875000000000000000e+00,3.799999999999999822e+00,3.799999999999999822e+00,2.000000000000000000e+00,2.758620689655172598e+00,2.166666666666666519e+00,nan
nan,nan,nan,nan,nan,2.932692307692307487e+00,nan,nan,nan,nan,nan,2.500000000000000000e+00,nan,nan,nan,2.500000000000000000e+00,2.500000000000000000e+00,nan,3.254464285714285587e+00,nan,2.500000000000000000e+00,nan,nan,2.453815261044176577e+00,nan,nan,3.403225806451612989e+00,nan,nan,2.500000000000000000e+00,nan,nan,3.118181818181818166e+00,nan,nan,nan,nan,2.500000000000000000e+00,nan,2.500000000000000000e+00,2.772727272727272929e+00,2.856164383561643927e+00,2.500000000000000000e+00,nan,2.500000000000000000e+00,2.500000000000000000e+00,nan,nan,nan,2.466887417218543099e+00,2.500000000000000000e+00,nan,2.815789473684210620e+00,2.500000000000000000e+00,3.277777777777777679e+00,nan,2.590047393364928840e+00,3.018518518518518601e+00,3.596153846153846256e+00,2.500000000000000000e+00,2.500000000000000000e+00,2.500000000000000000e+00,nan,2.500000000000000000e+00,2.409090909090909172e+00,nan,nan,2.987499999999999822e+00,3.150048875855327335e+00,2.815934065934066144e+00,nan,2.516528925619834656e+00,2.604000000000000092e+00,2.500000000000000000e+00,nan,nan,nan,4.860465116279069520e+00,3.311594202898550776e+00,nan,3.061320754716981174e+00,nan,2.549180327868852292e+00,2.393483709273183102e+00,2.192488262910798014e+00,nan,2.541095890410959068e+00,2.253937007874015741e+00,nan,nan,nan
1.600000000000000089e+00,1.935483870967741993e+00,nan,nan,nan,1.937500000000000000e+00,nan,1.600000000000000089e+00,1.600000000000000089e+00,1.600000000000000089e+00,1.600000000000000089e+00,1.972972972972973027e+00,nan,nan,1.962264150943396235e+00,1.600000000000000089e+00,1.600000000000000089e+00,1.939393939393939448e+00,1.975903614457831248e+00,nan,nan,1.600000000000000089e+00,1.951219512195121908e+00,nan,nan,1.919999999999999929e+00,nan,nan,1.962264150943396235e+00,1.600000000000000089e+00,1.955555555555555491e+00,nan,1.909090909090909172e+00,nan,nan,1.945945945945946054e+00,1.888888888888888840e+00,1.600000000000000089e+00,nan,1.600000000000000089e+00,1.951219512195121908e+00,1.964912280701754277e+00,1.600000000000000089e+00,nan,1.600000000000000089e+00,nan,1.939393939393939448e+00,1.600000000000000089e+00,1.600000000000000089e+00,1.919999999999999929e+00,1.600000000000000089e+00,1.942857142857142838e+00,nan,1.600000000000000089e+00,1.939393939393939448e+00,1.960784313725490113e+00,1.916666666666666741e+00,1.962264150943396235e+00,1.600000000000000089e+00,1.600000000000000089e+00,1.600000000000000089e+00,1.600000000000000089e+00,1.600000000000000089e+00,nan,1.957446808510638236e+00,1.600000000000000089e+00,1.964285714285714191e+00,1.913043478260869623e+00,1.945945945945946054e+00,1.960784313725490113e+00,nan,nan,nan,1.600000000000000089e+00,1.913043478260869623e+00,1.945945945945946054e+00,1.939393939393939448e+00,1.600000000000000089e+00,1.945945945945946054e+00,1.909090909090909172e+00,1.909090909090909172e+00,1.600000000000000089e+00,1.913043478260869623e+00,1.948717948717948678e+00,nan,1.931034482758620774e+00,1.913043478260869623e+00,nan,nan,nan,nan
nan,nan,nan,nan,nan,nan,nan,1.325670498084291271e+00,1.188679245283018826e+00,1.325670498084291271e+00,1.325670498084291271e+00,nan,nan,nan,nan,nan,1.325670498084291271e+00,nan,nan,nan,nan,1.142857142857142794e+00,nan,nan,nan,nan,nan,nan,nan,1.325670498084291271e+00,nan,nan,nan,nan,nan,nan,nan,1.325670498084291271e+00,nan,1.275080906148867266e+00,nan,nan,1.325670498084291271e+00,nan,1.325670498084291271e+00,1.176531671858774608e+00,nan,nan,1.325670498084291271e+00,nan,1.325670498084291271e+00,nan,nan,nan,nan,nan,nan,nan,nan,1.325670498084291271e+00,1.174717368961973207e+00,1.325670498084291271e+00,1.232558139534883690e+00,1.325670498084291271e+00,nan,1.325670498084291271e+00,nan,nan,nan,nan,nan,nan,nan,1.325670498084291271e+00,nan,nan,nan,nan,nan,nan,nan,1.325670498084291271e+00,nan,nan,nan,nan,nan,nan,nan,nan,nan
nan,nan,nan,2.625000000000000000e+00,nan,2.625000000000000000e+00,nan,2.625000000000000000e+00,2.625000000000000000e+00,2.625000000000000000e+00,2.625000000000000000e+00,2.625000000000000000e+00,2.625000000000000000e+00,2.192307692307692513e+00,nan,nan,2.625000000000000000e+00,nan,2.625000000000000000e+00,2.625000000000000000e+00,nan,nan,nan,2.625000000000000000e+00,2.185185185185185119e+00,2.178571428571428381e+00,2.089285714285714413e+00,2.185185185185185119e+00,nan,2.625000000000000000e+00,2.625000000000000000e+00,2.089285714285714413e+00,nan,nan,nan,nan,nan,2.625000000000000000e+00,nan,2.625000000000000000e+00,2.625000000000000000e+00,2.625000000000000000e+00,2.625000000000000000e+00,2.625000000000000000e+00,2.625000000000000000e+00,nan,nan,nan,2.625000000000000000e+00,2.104166666666666519e+00,2.625000000000000000e+00,2.131578947368421240e+00,nan,nan,nan,2.092592592592592560e+00,2.108695652173913082e+00,2.156250000000000000e+00,2.108695652173913082e+00,2.625000000000000000e+00,2.625000000000000000e+00,2.625000000000000000e+00,nan,2.625000000000000000e+00,2.100000000000000089e+00,nan,2.065789473684210620e+00,2.113636363636363757e+00,2.125000000000000000e+00,2.092592592592592560e+00,nan,nan,2.238095238095238138e+00,2.625000000000000000e+00,2.113636363636363757e+00,2.208333333333333481e+00,2.078125000000000000e+00,2.625000000000000000e+00,nan,2.119047619047619069e+00,2.119047619047619069e+00,2.625000000000000000e+00,2.192307692307692513e+00,2.119047619047619069e+00,2.263157894736842035e+00,2.113636363636363757e+00,2.113636363636363757e+00,nan,nan,2.116279069767442067e+00,2.217391304347826164e+00
nan,nan,nan,nan,nan,nan,nan,1.164271047227926070e+00,1.164271047227926070e+00,1.164271047227926070e+00,1.164271047227926070e+00,nan,nan,nan,nan,1.164271047227926070e+00,1.164271047227926070e+00,nan,nan,nan,nan,1.164271047227926070e+00,nan,nan,nan,nan,nan,nan,nan,1.164271047227926070e+00,nan,nan,nan,nan,nan,nan,nan,1.164271047227926070e+00,nan,1.125195618153364663e+00,nan,nan,1.164271047227926070e+00,nan,1.164271047227926070e+00,nan,nan,nan,nan,nan,1.164271047227926070e+00,nan,nan,nan,nan,nan,nan,nan,nan,nan,1.117820324005891042e+00,1.164271047227926070e+00,nan,1.164271047227926070e+00,nan,1.164271047227926070e+00,nan,nan,nan,nan,nan,nan,nan,nan,nan,nan,nan,nan,nan,nan,nan,1.164271047227926070e+00,nan,nan,nan,nan,nan,nan,nan,nan,nan
nan,nan,nan,nan,nan,nan,nan,nan,1.949295774647887391e+00,nan,nan,nan,nan,nan,nan,nan,1.949295774647887391e+00,nan,nan,nan,nan,1.949295774647887391e+00,nan,nan,nan,nan,nan,nan,nan,1.949295774647887391e+00,nan,nan,nan,nan,nan,nan,nan,1.949295774647887391e+00,nan,nan,nan,nan,1.949295774647887391e+00,nan,1.949295774647887391e+00,1.735807860262008839e+00,nan,nan,1.949295774647887391e+00,nan,nan,nan,nan,1.352510460251046043e+00,nan,nan,nan,nan,nan,1.697722567287784701e+00,1.949295774647887391e+00,1.949295774647887391e+00,1.522480620155038711e+00,1.949295774647887391e+00,nan,1.586597040905134870e+00,nan,nan,nan,nan,nan,nan,nan,1.949295774647887391e+00,nan,nan,nan,1.146808974079721155e+00,nan,nan,nan,1.949295774647887391e+00,nan,nan,nan,nan,nan,nan,nan,nan,nan
nan,nan,nan,nan,nan,nan,nan,nan,1.279112754158964860e+00,1.279112754158964860e+00,nan,nan,nan,nan,nan,nan,1.795090715048025531e+00,nan,nan,nan,nan,1.279112754158964860e+00,nan,nan,nan,nan,nan,nan,nan,1.279112754158964860e+00,nan,nan,nan,nan,nan,nan,nan,1.279112754158964860e+00,nan,nan,nan,nan,1.279112754158964860e+00,nan,1.279112754158964860e+00,nan,nan,nan,1.279112754158964860e+00,nan,1.279112754158964860e+00,nan,nan,nan,nan,nan,nan,nan,nan,nan,1.279112754158964860e+00,1.279112754158964860e+00,2.925500370644922299e+00,1.279112754158964860e+00,nan,1.279112754158964860e+00,nan,nan,nan,nan,nan,nan,nan,1.279112754158964860e+00,nan,nan,nan,nan,nan,nan,nan,1.279112754158964860e+00,nan,nan,nan,nan,nan,nan,nan,nan,nan
nan,nan,nan,nan,nan,nan,nan,1.428807947019867575e+00,1.428807947019867575e+00,1.428807947019867575e+00,1.428807947019867575e+00,nan,nan,nan,nan,nan,1.428807947019867575e+00,nan,nan,nan,nan,1.428807947019867575e+00,nan,nan,nan,nan,nan,nan,nan,1.428807947019867575e+00,nan,nan,nan,nan,nan,nan,nan,1.428807947019867575e+00,nan,1.201399688958009415e+00,nan,nan,1.428807947019867575e+00,nan,1.428807947019867575e+00,1.320544554455445496e+00,nan,1.103393213572854359e+00,1.428807947019867575e+00,nan,1.428807947019867575e+00,nan,nan,1.428807947019867575e+00,nan,nan,nan,nan,nan,1.428807947019867575e+00,1.428807947019867575e+00,1.428807947019867575e+00,1.320148331273176767e+00,1.428807947019867575e+00,nan,1.428807947019867575e+00,nan,nan,nan,nan,nan,nan,nan,1.307600950118764871e+00,nan,nan,nan,nan,nan,nan,nan,1.428807947019867575e+00,nan,nan,nan,nan,nan,nan,nan,nan,nan
nan,nan,nan,nan,nan,nan,nan,1.056862745098039236e+00,1.056862745098039236e+00,1.456386292834890961e+00,1.056862745098039236e+00,nan,nan,nan,nan,1.056862745098039236e+00,nan,nan,nan,nan,nan,1.991861648016276742e+00,nan,nan,nan,nan,nan,nan,nan,nan,nan,nan,nan,nan,nan,nan,nan,nan,nan,nan,nan,nan,1.056862745098039236e+00,nan,nan,nan,nan,nan,1.294320137693631745e+00,nan,1.056862745098039236e+00,nan,nan,nan,nan,nan,nan,nan,nan,nan,nan,nan,nan,nan,nan,nan,nan,nan,nan,nan,nan,nan,nan,nan,nan,nan,nan,nan,nan,nan,nan,1.056862745098039236e+00,nan,nan,nan,nan,nan,nan,nan,nan,nan
nan,nan,nan,nan,nan,nan,nan,nan,1.265845070422535246e+00,1.138914443422263112e+00,nan,nan,nan,nan,nan,nan,nan,nan,nan,nan,nan,nan,nan,nan,nan,nan,nan,nan,nan,1.265845070422535246e+00,nan,nan,nan,nan,nan,nan,nan,1.265845070422535246e+00,nan,nan,nan,nan,1.265845070422535246e+00,nan,1.265845070422535246e+00,nan,nan,nan,nan,nan,nan,nan,nan,1.217893217893217805e+00,nan,nan,nan,nan,nan,nan,nan,1.265845070422535246e+00,1.265845070422535246e+00,nan,nan,nan,nan,nan,nan,nan,nan,nan,nan,nan,nan,nan,nan,nan,nan,nan,nan,nan,nan,nan,nan,nan,nan,nan,nan,nan,nan
nan,nan,nan,nan,nan,nan,nan,nan,nan,nan,nan,nan,nan,nan,nan,1.344444444444444553e+00,nan,nan,nan,nan,nan,1.220118343195266242e+00,nan,nan,nan,nan,nan,nan,nan,1.344444444444444553e+00,nan,nan,nan,nan,nan,nan,nan,1.344444444444444553e+00,nan,nan,nan,nan,1.344444444444444553e+00,nan,1.344444444444444553e+00,1.344444444444444553e+00,nan,nan,nan,nan,nan,nan,nan,1.549824737105658379e+00,nan,nan,nan,nan,nan,1.344444444444444553e+00,1.344444444444444553e+00,1.344444444444444553e+00,1.319039451114922823e+00,nan,nan,1.286594761171032442e+00,nan,nan,nan,nan,nan,nan,nan,1.344444444444444553e+00,nan,nan,nan,nan,nan,nan,nan,nan,nan,nan,nan,nan,nan,nan,nan,nan,nan
nan,nan,nan,nan,nan,2.040816326530612290e+00,nan,2.235294117647058876e+00,2.235294117647058876e+00,2.235294117647058876e+00,2.235294117647058876e+00,nan,1.918781725888324852e+00,nan,2.061538461538461320e+00,nan,nan,nan,nan,nan,nan,nan,2.198952879581151709e+00,nan,nan,nan,nan,1.899999999999999911e+00,nan,2.235294117647058876e+00,2.034188034188034067e+00,2.291970802919708117e+00,2.058823529411764497e+00,nan,nan,2.041237113402061709e+00,2.462809917355371692e+00,2.235294117647058876e+00,3.172413793103448398e+00,2.235294117647058876e+00,nan,2.093023255813953654e+00,2.235294117647058876e+00,1.909604519774011244e+00,2.235294117647058876e+00,2.235294117647058876e+00,2.067796610169491345e+00,2.235294117647058876e+00,2.235294117647058876e+00,nan,2.235294117647058876e+00,nan,1.169642857142857206e+00,2.235294117647058876e+00,2.054794520547945424e+00,2.063492063492063711e+00,2.030534351145038219e+00,2.044943820224719211e+00,2.111111111111111160e+00,2.235294117647058876e+00,2.235294117647058876e+00,2.235294117647058876e+00,2.235294117647058876e+00,2.235294117647058876e+00,2.021621621621621401e+00,2.235294117647058876e+00,nan,2.056338028169014009e+00,2.024844720496894457e+00,2.046511627906976827e+00,nan,nan,1.916666666666666741e+00,nan,2.056338028169014009e+00,2.035398230088495630e+00,2.034782608695651973e+00,2.014035087719298289e+00,2.081632653061224580e+00,2.058823529411764497e+00,2.047058823529411598e+00,2.235294117647058876e+00,2.044943820224719211e+00,2.023529411764705799e+00,nan,nan,nan,nan,nan,nan,nan
nan,nan,nan,nan,nan,nan,nan,1.905035971223021596e+00,1.905035971223021596e+00,1.905035971223021596e+00,1.905035971223021596e+00,nan,nan,nan,nan,1.905035971223021596e+00,nan,nan,nan,nan,nan,nan,nan,nan,nan,nan,nan,nan,nan,1.905035971223021596e+00,nan,nan,nan,nan,nan,nan,nan,1.905035971223021596e+00,nan,1.730545876887340295e+00,nan,nan,1.905035971223021596e+00,nan,1.905035971223021596e+00,nan,nan,1.363850873053326973e+00,1.905035971223021596e+00,nan,1.905035971223021596e+00,nan,nan,nan,nan,nan,nan,nan,nan,nan,nan,1.905035971223021596e+00,nan,1.905035971223021596e+00,nan,1.905035971223021596e+00,nan,nan,nan,nan,nan,nan,nan,1.905035971223021596e+00,nan,nan,nan,1.296420581655481019e+00,nan,nan,nan,1.905035971223021596e+00,nan,nan,nan,nan,nan,nan,nan,nan,nan
nan,nan,nan,nan,nan,nan,nan,1.414675767918088800e+00,nan,nan,1.414675767918088800e+00,nan,nan,nan,nan,nan,nan,nan,nan,nan,nan,nan,nan,nan,nan,nan,nan,nan,nan,1.414675767918088800e+00,nan,nan,nan,nan,nan,nan,nan,1.414675767918088800e+00,nan,1.325301204819277157e+00,nan,nan,1.414675767918088800e+00,nan,1.414675767918088800e+00,nan,nan,1.243486973947895757e+00,1.414675767918088800e+00,nan,1.414675767918088800e+00,nan,nan,1.251552795031055876e+00,nan,nan,nan,nan,nan,1.379687499999999956e+00,1.680930232558139448e+00,nan,nan,1.414675767918088800e+00,nan,1.414675767918088800e+00,nan,nan,nan,nan,nan,nan,nan,1.414675767918088800e+00,nan,nan,nan,nan,nan,nan,nan,1.414675767918088800e+00,nan,nan,nan,nan,nan,nan,nan,nan,nan
nan,nan,nan,nan,nan,nan,nan,nan,1.110687022900763266e+00,1.068075117370892002e+00,nan,nan,nan,nan,nan,1.110687022900763266e+00,nan,nan,nan,nan,nan,nan,nan,nan,nan,nan,nan,nan,nan,1.110687022900763266e+00,nan,nan,nan,nan,nan,nan,nan,1.110687022900763266e+00,nan,nan,nan,nan,1.110687022900763266e+00,nan,1.110687022900763266e+00,nan,nan,nan,1.110687022900763266e+00,nan,1.110687022900763266e+00,nan,nan,nan,nan,nan,nan,nan,nan,nan,1.110687022900763266e+00,1.110687022900763266e+00,nan,1.110687022900763266e+00,nan,1.110687022900763266e+00,nan,nan,nan,nan,nan,nan,nan,1.110687022900763266e+00,nan,nan,nan,nan,nan,nan,nan,1.110687022900763266e+00,nan,nan,nan,nan,nan,nan,nan,nan,nan
nan,nan,nan,nan,nan,nan,nan,nan,2.034391534391534417e+00,nan,2.034391534391534417e+00,nan,nan,nan,2.002008032128514081e+00,2.034391534391534417e+00,nan,nan,nan,nan,nan,nan,nan,nan,nan,nan,2.098127340823970233e+00,nan,nan,2.034391534391534417e+00,nan,nan,2.029847756410256387e+00,nan,nan,nan,nan,2.034391534391534417e+00,nan,2.034391534391534417e+00,nan,2.012160898035547429e+00,2.034391534391534417e+00,nan,2.034391534391534417e+00,2.034391534391534417e+00,nan,2.015011547344110809e+00,2.034391534391534417e+00,nan,nan,nan,2.024249004705030774e+00,2.034391534391534417e+00,2.037946428571428381e+00,2.023835832675611623e+00,nan,2.025478740668614108e+00,2.006556033599672162e+00,2.034391534391534417e+00,2.034391534391534417e+00,2.034391534391534417e+00,2.034391534391534417e+00,2.034391534391534417e+00,nan,2.034391534391534417e+00,nan,2.037754303599374150e+00,nan,nan,nan,nan,nan,2.034391534391534417e+00,2.008723517892113009e+00,nan,nan,nan,2.021242576518958334e+00,2.005666792595390824e+00,2.039028776978417223e+00,2.034391534391534417e+00,2.033056556478145094e+00,nan,nan,nan,nan,nan,nan,nan,nan
nan,nan,nan,nan,nan,nan,nan,nan,nan,nan,nan,nan,nan,nan,nan,nan,nan,nan,nan,nan,nan,nan,nan,nan,nan,nan,nan,nan,nan,1.908093278463648845e+00,nan,nan,nan,nan,nan,nan,nan,1.908093278463648845e+00,nan,1.908093278463648845e+00,nan,nan,1.908093278463648845e+00,nan,1.908093278463648845e+00,1.315388280133396925e+00,nan,1.515175097276264538e+00,1.908093278463648845e+00,nan,nan,nan,nan,1.625708884688090716e+00,nan,nan,nan,nan,nan,1.908093278463648845e+00,1.654150197628458496e+00,1.908093278463648845e+00,1.908093278463648845e+00,1.908093278463648845e+00,nan,nan,nan,nan,nan,nan,nan,nan,nan,1.618113912231559315e+00,nan,nan,nan,1.109331131296449113e+00,nan,nan,nan,1.908093278463648845e+00,nan,nan,nan,nan,nan,nan,nan,nan,nan
nan,nan,nan,nan,nan,nan,nan,nan,nan,1.810365135453474661e+00,1.911258278145695266e+00,nan,nan,nan,nan,nan,nan,nan,nan,nan,nan,1.911258278145695266e+00,nan,nan,nan,nan,nan,nan,nan,1.911258278145695266e+00,nan,nan,nan,nan,nan,nan,nan,1.911258278145695266e+00,nan,nan,nan,nan,1.911258278145695266e+00,nan,1.911258278145695266e+00,nan,nan,1.254814814814814827e+00,1.911258278145695266e+00,nan,1.911258278145695266e+00,nan,nan,nan,nan,nan,nan,nan,nan,1.911258278145695266e+00,1.911258278145695266e+00,1.911258278145695266e+00,nan,1.511904761904761862e+00,nan,1.911258278145695266e+00,nan,nan,nan,nan,nan,nan,nan,1.911258278145695266e+00,nan,nan,nan,1.190272581507215488e+00,nan,nan,nan,1.911258278145695266e+00,nan,nan,nan,nan,nan,nan,nan,nan,nan
nan,nan,nan,nan,nan,nan,nan,1.928095872170439318e+00,1.928095872170439318e+00,nan,nan,nan,nan,nan,nan,1.928095872170439318e+00,nan,nan,nan,nan,nan,nan,nan,nan,nan,nan,nan,nan,nan,1.928095872170439318e+00,nan,nan,nan,nan,nan,nan,nan,1.928095872170439318e+00,nan,nan,nan,nan,1.928095872170439318e+00,nan,1.928095872170439318e+00,1.560289389067524013e+00,nan,nan,nan,nan,nan,nan,nan,1.928095872170439318e+00,nan,nan,nan,nan,nan,1.605034722222222321e+00,1.928095872170439318e+00,1.928095872170439318e+00,1.928095872170439318e+00,1.928095872170439318e+00,nan,1.840772014475271501e+00,nan,nan,nan,nan,nan,nan,nan,1.429187192118226646e+00,nan,nan,nan,1.262840789275493369e+00,nan,nan,nan,1.928095872170439318e+00,nan,nan,nan,nan,nan,nan,nan,nan,nan
3.500000000000000000e+00,nan,nan,nan,nan,3.500000000000000000e+00,3.500000000000000000e+00,3.500000000000000000e+00,3.500000000000000000e+00,3.500000000000000000e+00,3.500000000000000000e+00,3.500000000000000000e+00,3.500000000000000000e+00,3.500000000000000000e+00,3.500000000000000000e+00,nan,nan,nan,3.500000000000000000e+00,3.500000000000000000e+00,3.500000000000000000e+00,3.500000000000000000e+00,3.500000000000000000e+00,3.500000000000000000e+00,3.500000000000000000e+00,3.500000000000000000e+00,3.500000000000000000e+00,3.500000000000000000e+00,3.500000000000000000e+00,3.500000000000000000e+00,3.500000000000000000e+00,3.500000000000000000e+00,3.500000000000000000e+00,nan,nan,nan,nan,3.500000000000000000e+00,nan,3.500000000000000000e+00,3.500000000000000000e+00,3.500000000000000000e+00,3.500000000000000000e+00,3.500000000000000000e+00,3.500000000000000000e+00,nan,3.500000000000000000e+00,nan,nan,3.500000000000000000e+00,3.500000000000000000e+00,3.500000000000000000e+00,nan,nan,nan,3.500000000000000000e+00,3.500000000000000000e+00,3.500000000000000000e+00,3.500000000000000000e+00,3.500000000000000000e+00,3.500000000000000000e+00,3.500000000000000000e+00,nan,3.500000000000000000e+00,3.500000000000000000e+00,3.500000000000000000e+00,3.500000000000000000e+00,3.500000000000000000e+00,3.500000000000000000e+00,3.500000000000000000e+00,3.500000000000000000e+00,nan,nan,3.500000000000000000e+00,3.500000000000000000e+00,3.500000000000000000e+00,3.500000000000000000e+00,3.500000000000000000e+00,3.500000000000000000e+00,3.500000000000000000e+00,3.500000000000000000e+00,nan,3.500000000000000000e+00,3.500000000000000000e+00,3.500000000000000000e+00,3.500000000000000000e+00,3.500000000000000000e+00,nan,3.500000000000000000e+00,3.500000000000000000e+00,nan
nan,nan,nan,nan,nan,nan,nan,1.837209302325581328e+00,1.837209302325581328e+00,1.837209302325581328e+00,1.837209302325581328e+00,nan,nan,nan,nan,nan,nan,nan,nan,nan,nan,nan,nan,nan,nan,nan,nan,nan,nan,1.837209302325581328e+00,nan,nan,nan,nan,nan,nan,nan,1.837209302325581328e+00,nan,1.837209302325581328e+00,nan,nan,1.837209302325581328e+00,nan,1.837209302325581328e+00,nan,nan,nan,1.837209302325581328e+00,nan,1.837209302325581328e+00,nan,nan,nan,nan,nan,nan,nan,nan,nan,1.837209302325581328e+00,1.837209302325581328e+00,1.645418326693227185e+00,1.837209302325581328e+00,nan,1.837209302325581328e+00,nan,nan,nan,nan,nan,nan,nan,1.569420035149384995e+00,nan,nan,nan,1.322887830805004938e+00,nan,nan,nan,1.837209302325581328e+00,nan,nan,nan,nan,nan,nan,nan,nan,nan
nan,nan,nan,nan,nan,nan,nan,nan,1.346975088967971468e+00,1.346975088967971468e+00,nan,nan,nan,nan,nan,1.346975088967971468e+00,nan,nan,nan,nan,nan,1.346975088967971468e+00,nan,nan,nan,nan,nan,nan,nan,1.346975088967971468e+00,nan,nan,nan,nan,nan,nan,nan,1.346975088967971468e+00,nan,nan,nan,nan,1.346975088967971468e+00,nan,1.346975088967971468e+00,nan,nan,nan,nan,nan,1.346975088967971468e+00,nan,nan,1.223112128146452982e+00,nan,nan,nan,nan,nan,1.958520179372197356e+00,1.346975088967971468e+00,1.346975088967971468e+00,1.179392824287028629e+00,1.346975088967971468e+00,nan,1.346975088967971468e+00,nan,nan,nan,nan,nan,nan,nan,1.346975088967971468e+00,nan,nan,nan,nan,nan,nan,nan,1.346975088967971468e+00,nan,nan,nan,nan,nan,nan,nan,nan,nan
nan,nan,nan,nan,nan,nan,nan,nan,1.275334608030592731e+00,nan,nan,nan,nan,nan,nan,nan,nan,nan,nan,nan,nan,1.275334608030592731e+00,nan,nan,nan,nan,nan,nan,nan,1.275334608030592731e+00,nan,nan,nan,nan,nan,nan,nan,1.501661129568106379e+00,nan,nan,nan,nan,1.265454545454545388e+00,nan,1.489112227805695188e+00,nan,nan,nan,nan,nan,1.275334608030592731e+00,nan,nan,1.638240574506283576e+00,nan,nan,nan,nan,nan,nan,nan,1.275334608030592731e+00,1.288721804511278268e+00,nan,nan,1.275334608030592731e+00,nan,nan,nan,nan,nan,nan,nan,nan,nan,nan,nan,nan,nan,nan,nan,1.275334608030592731e+00,nan,nan,nan,nan,nan,nan,nan,nan,nan
nan,nan,nan,nan,nan,nan,nan,nan,1.079766536964980483e+00,1.029774872912127881e+00,nan,nan,nan,nan,nan,nan,nan,nan,nan,nan,nan,nan,nan,nan,nan,nan,nan,nan,nan,1.079766536964980483e+00,nan,nan,nan,nan,nan,nan,nan,1.079766536964980483e+00,nan,nan,nan,nan,1.058823529411764719e+00,nan,1.079766536964980483e+00,nan,nan,nan,1.079766536964980483e+00,nan,1.079766536964980483e+00,nan,nan,nan,nan,nan,nan,nan,nan,nan,1.071180555555555580e+00,1.079766536964980483e+00,nan,1.079766536964980483e+00,nan,1.079766536964980483e+00,nan,nan,nan,nan,nan,nan,nan,nan,nan,nan,nan,nan,nan,nan,nan,1.079766536964980483e+00,nan,nan,nan,nan,nan,nan,nan,nan,nan
nan,nan,nan,nan,nan,nan,nan,nan,1.328971962616822378e+00,1.214896214896214799e+00,1.328971962616822378e+00,nan,nan,nan,nan,nan,nan,nan,nan,nan,nan,1.328971962616822378e+00,nan,nan,nan,nan,nan,nan,nan,1.328971962616822378e+00,nan,nan,nan,nan,nan,nan,nan,1.328971962616822378e+00,nan,1.246498599439775923e+00,nan,nan,1.328971962616822378e+00,nan,1.328971962616822378e+00,nan,nan,nan,1.328971962616822378e+00,nan,1.328971962616822378e+00,nan,nan,1.131343283582089576e+00,nan,nan,nan,nan,nan,1.328971962616822378e+00,1.328971962616822378e+00,1.328971962616822378e+00,1.167938931297709981e+00,1.328971962616822378e+00,nan,1.328971962616822378e+00,nan,nan,nan,nan,nan,nan,nan,nan,nan,nan,nan,nan,nan,nan,nan,1.328971962616822378e+00,nan,nan,nan,nan,nan,nan,nan,nan,nan
nan,nan,nan,nan,nan,nan,nan,nan,nan,nan,nan,nan,nan,nan,nan,nan,nan,nan,nan,nan,nan,nan,nan,nan,nan,nan,nan,nan,nan,1.403389830508474656e+00,nan,nan,nan,nan,nan,nan,nan,1.473841554559043310e+00,nan,nan,nan,nan,nan,nan,1.469879518072289226e+00,1.319819819819819884e+00,nan,1.429149797570850255e+00,1.403389830508474656e+00,nan,nan,nan,nan,1.514603616133518793e+00,nan,nan,nan,nan,nan,1.399999999999999911e+00,nan,1.403389830508474656e+00,1.935819601040763116e+00,nan,nan,nan,nan,nan,nan,nan,nan,nan,nan,nan,nan,nan,nan,nan,nan,nan,nan,nan,nan,nan,nan,nan,nan,nan,nan,nan,nan
nan,nan,nan,nan,nan,nan,nan,1.261862917398945516e+00,1.060784313725490202e+00,nan,1.285961871750433305e+00,nan,nan,nan,nan,1.267950963222416849e+00,nan,nan,nan,nan,nan,nan,nan,nan,nan,nan,nan,nan,nan,1.060784313725490202e+00,nan,nan,nan,nan,nan,nan,nan,nan,nan,nan,nan,nan,nan,nan,nan,nan,nan,nan,nan,nan,1.481611208406304669e+00,nan,nan,nan,nan,nan,nan,nan,nan,nan,nan,1.948749999999999982e+00,nan,nan,nan,nan,nan,nan,nan,nan,nan,nan,nan,nan,nan,nan,nan,nan,nan,nan,nan,1.060784313725490202e+00,nan,nan,nan,nan,nan,nan,nan,nan,nan
nan,nan,nan,nan,nan,nan,nan,nan,1.071844660194174681e+00,1.071844660194174681e+00,nan,nan,nan,nan,nan,nan,nan,nan,nan,nan,nan,nan,nan,nan,nan,nan,nan,nan,nan,1.071844660194174681e+00,nan,nan,nan,nan,nan,nan,nan,nan,nan,nan,nan,nan,nan,nan,nan,nan,nan,nan,2.027428571428571580e+00,nan,1.071844660194174681e+00,nan,nan,nan,nan,nan,nan,nan,nan,nan,nan,1.565365025466892934e+00,nan,nan,nan,1.038223140495867725e+00,nan,nan,nan,nan,nan,nan,nan,nan,nan,nan,nan,nan,nan,nan,nan,1.518072289156626509e+00,nan,nan,nan,nan,nan,nan,nan,nan,nan
nan,nan,nan,nan,nan,nan,nan,nan,1.332225913621262414e+00,nan,nan,nan,nan,nan,nan,nan,nan,nan,nan,nan,nan,1.619932432432432456e+00,nan,nan,nan,nan,nan,nan,nan,1.245778611632270216e+00,nan,nan,nan,nan,nan,nan,nan,nan,nan,nan,nan,nan,nan,nan,nan,nan,nan,nan,nan,nan,1.323232323232323315e+00,nan,nan,3.022262334536702788e+00,nan,nan,nan,nan,nan,nan,nan,nan,nan,nan,nan,1.320945945945946054e+00,nan,nan,nan,nan,nan,nan,nan,nan,nan,nan,nan,nan,nan,nan,nan,nan,nan,nan,nan,nan,nan,nan,nan,nan,nan
