Node, InDeg, OutDeg, CloseCent, BetwnCent, influence_mean_0, influence_mean_1, influence_mean_2, influence_mean_3, influence_mean_4, influence_std_0, influence_std_1, influence_std_2, influence_std_3, influence_std_4, redundancy_mean_0, redundancy_mean_1, redundancy_mean_2, redundancy_mean_3, redundancy_mean_4, redundancy_std_0, redundancy_std_1, redundancy_std_2, redundancy_std_3, redundancy_std_4, avgdeathage_mean_0, avgdeathage_mean_1, avgdeathage_mean_2, avgdeathage_mean_3, avgdeathage_mean_4, avgdeathage_std_0, avgdeathage_std_1, avgdeathage_std_2, avgdeathage_std_3, avgdeathage_std_4
0, 34, 19, 0.6164383561643836, 0.0021238845012342055, 0.0852518025320223, 0.10493553683800935, 0.04555073848598655, 0.02271855944269433, 0.013034529974796403, 0.0432487797542479, 0.03148503338058568, 0.015113437450534709, 0.0035708841224437403, 0.001344864502913787, 0.025, 0.0, 0.002797202797202797, 0.0, 0.0, 0.10897247358851682, 0.0, 0.008423921211931307, 0.0, 0.0, 2.448412547776191, 2.678605426385995, 1.852848168377766, 1.5715807903097203, 1.154774605649853, 0.8248876366820841, 0.4252373653559812, 0.19385240832249606, 0.13127948448802992, 0.08586226077851986
1, 0, 14, 0.0, 0.0, 0.24932038047422664, 0.2552029426617339, 0.19400821385378691, 0.16093759992805293, 0.13884624986506894, 0.02793220054806061, 0.025624968817846504, 0.012124453265723523, 0.006487814319638107, 0.0069976072533128484, 0.030202020202020202, 0.01, 0.023300407274463877, 0.002535535117056856, 0.0, 0.0721794038501938, 0.04358898943540674, 0.030424041065433154, 0.006132598589897239, 0.0, 2.9736130478457747, 2.9515168280509894, 2.709939792764727, 2.2464088496886863, 2.0240745883145914, 0.17504609391521667, 0.03955374266716356, 0.13586656963458707, 0.06789965025555907, 0.02241505387350759
2, 0, 12, 0.0, 0.0, 0.2527050216267249, 0.24903864755513103, 0.17383736676782788, 0.14484824077567918, 0.12010515243996786, 0.027733762957268503, 0.021317748775743776, 0.00825792533877688, 0.005730931772567381, 0.0052780076528134365, 1.1213840326340327, 0.9689792152292153, 0.02794655753702168, 0.004802311926221544, 0.0002824858757062147, 0.573128674821771, 0.41230609010246827, 0.04134328553750723, 0.009358290067344495, 0.0012313273851809812, 3.8861122561949935, 3.794303231683584, 2.739372649452616, 2.3140151252844534, 2.037960315612842, 0.338513697095569, 0.34955621500626854, 0.2516889771801457, 0.07852078896845882, 0.02893967134977985
3, 35, 15, 0.6206896551724138, 0.0010071091218641524, 0.08217174168771911, 0.08570087650444794, 0.03801167068756818, 0.02136532262871887, 0.012937063993929526, 0.029126172469951098, 0.03037649873903476, 0.01249656470412565, 0.003323668907674785, 0.00124971759744876, 0.1463488266119845, 0.10380050505050506, 0.0, 0.0, 0.0, 0.18737298553785844, 0.16792586529121317, 0.0, 0.0, 0.0, 2.853095926369163, 2.705518072177187, 1.8681454103058783, 1.5189666716813655, 1.1446136519361878, 1.0265463567263182, 0.7681957995343289, 0.35476735536703985, 0.12136293468923581, 0.08269786881134804
4, 0, 10, 0.0, 0.0, 0.2285936151401568, 0.23150787704359135, 0.16326745526792688, 0.12663551943346002, 0.10444226047973867, 0.03274856127884897, 0.024612433107892732, 0.011585385167940464, 0.006750858755216419, 0.0044789391349937015, 0.4646702235672825, 0.6733748196248197, 0.012470431380823746, 0.004183127252154524, 0.0, 0.3882681563959711, 0.47691130650457825, 0.012753398754621163, 0.0057181368944666895, 0.0, 3.8092474423051947, 4.152279415102845, 2.773677176105752, 2.3412455172575797, 2.0449249730624985, 0.5838055026567253, 0.7113979381642275, 0.2726994910649956, 0.07393276656333751, 0.025898517599895345
5, 0, 28, 0.0, 0.0, 0.32567087369285164, 0.3244093772527838, 0.3151436404428719, 0.29482491597460914, 0.2652184979589646, 0.0024155621173576973, 0.002695355337550342, 0.010530309024016814, 0.01278041210271456, 0.011886623455418244, 0.15246600621600623, 0.09662268287268287, 0.34112995818649117, 0.14509869797715852, 0.02631322373405818, 0.20286183515521886, 0.11338078478517734, 0.10323338640974518, 0.035742033741055175, 0.012202973638414834, 2.9854997192557673, 2.98031441583486, 2.882030751115148, 2.2939692794853337, 2.0327945772504514, 0.24793511419686692, 0.1374941995757376, 0.1079009002663804, 0.032714151405931875, 0.021004099559516518
6, 0, 14, 0.0, 0.0, 0.25648472711659526, 0.24712767086393458, 0.19324719461374815, 0.15881142736933657, 0.14103107065929138, 0.03593895534256036, 0.028539748932272006, 0.014390686432601165, 0.006267007630509583, 0.007087240196799182, 0.9029273504273505, 0.8027078477078475, 0.022120881629169607, 0.004090307775499448, 0.0, 0.6051451077505424, 0.39035563726455286, 0.02660394531668518, 0.009044319031265312, 0.0, 3.705829101727393, 3.5612728683415016, 2.6736689408449266, 2.236066575441229, 2.025989888958999, 0.42721854969291273, 0.4513864985173104, 0.14509208743412189, 0.09123538748432321, 0.019041073818884577
7, 57, 17, 0.7317073170731707, 0.003612299621540342, 0.07521376364782958, 0.08000093138384994, 0.02059053203828033, 0.012074537249106471, 0.011086569552618091, 0.027535105491814267, 0.03893345860755696, 0.005965466265113173, 0.0016207278661649076, 0.0002926856667125859, 0.0, 0.0, 0.0, 0.0, 0.0, 0.0, 0.0, 0.0, 0.0, 0.0, 2.5606552027039298, 2.6899384042546557, 1.471945753657693, 1.0764300543852914, 1.008193199238166, 0.596242076579633, 0.46582377115023965, 0.27169761624261024, 0.11026392495087539, 0.024580311293854445
8, 66, 24, 0.7894736842105263, 0.006995577759259295, 0.08109146922172134, 0.09132105989248847, 0.015549307173357996, 0.010989010989010986, 0.010989010989010986, 0.0364124251372092, 0.03380549770239732, 0.005848115669183997, 2.194270917860438e-18, 2.5730107236137054e-18, 0.0, 0.0, 0.0, 0.0, 0.0, 0.0, 0.0, 0.0, 0.0, 0.0, 2.803942194284942, 2.6491706187042516, 1.2485222685578257, 1.0, 1.0, 0.4903584601935345, 0.48004142780869885, 0.34409866146712936, 0.0, 0.0
9, 46, 25, 0.6716417910447762, 0.005437058104752299, 0.10665670867593943, 0.10817666460523603, 0.0373495170717928, 0.014953698103888122, 0.011295780176856193, 0.041522352132797084, 0.050973067465513014, 0.014218742728298484, 0.004588938063342105, 0.0006138481486608454, 0.0, 0.0, 0.02688479750332399, 0.0017603748326639895, 0.0002717391304347826, 0.0, 0.0, 0.03368658638714232, 0.005666190057219916, 0.0011844834085708352, 2.5726155138889175, 2.374813959090888, 2.1876514333917423, 1.2414656516791038, 1.0336711707391033, 0.5669179933796422, 0.6505065341061873, 0.6882787908665574, 0.2569370967112047, 0.07559618569134315
10, 64, 25, 0.7758620689655172, 0.007228298790241215, 0.08147527076098504, 0.07824149293929514, 0.020620862201155006, 0.011982273999482821, 0.010989010989010986, 0.04478762265414938, 0.05238387063809898, 0.007937632728729313, 0.0016037026274180266, 2.5436039209998617e-18, 0.0, 0.0, 0.0, 0.0, 0.0, 0.0, 0.0, 0.0, 0.0, 0.0, 2.6365800626578735, 2.3461701573528257, 1.3970762632319416, 1.069197632089661, 1.0, 0.6313838167344814, 0.839902602500487, 0.22928087796603042, 0.10882824732960301, 0.0
11, 0, 24, 0.0, 0.0, 0.3086574002920157, 0.302017594737375, 0.28354472497302147, 0.25945655900918474, 0.23135811653175836, 0.01049730301669195, 0.008344780197331756, 0.011825003709312294, 0.008643334220048834, 0.010930029970822763, 0.10347402597402597, 0.08648684648684649, 0.13054041974407787, 0.032041839389997245, 0.009650228385637467, 0.16008164688596044, 0.15661634076285355, 0.06855588418969889, 0.01590052886820623, 0.008400493421103012, 3.0291935970724397, 3.0252757425761603, 2.8122944773705347, 2.2356285668269997, 2.0303594593251617, 0.17791625162250557, 0.2503354307739118, 0.11473999522502998, 0.06311448574310995, 0.016462681283322893
12, 0, 21, 0.0, 0.0, 0.2885654028511171, 0.2841437530723245, 0.2640003237356517, 0.23156165000714551, 0.2013980448135933, 0.019371050404336957, 0.015172563038115186, 0.007394978560737139, 0.011175636220912031, 0.010854311893199393, 0.03787878787878788, 0.042418692418692415, 0.07576933425086639, 0.009287632170952485, 0.0, 0.08550879430013612, 0.07620271428780619, 0.05062668165606404, 0.009497825658504697, 0.0, 2.977341614929213, 2.988330368626634, 2.8164371650115614, 2.2579820299206546, 2.0220275214799366, 0.1171354217070619, 0.11873675292396028, 0.17113421245362848, 0.06571346603832172, 0.01533562390522275
13, 0, 19, 0.0, 0.0, 0.28475748457891314, 0.27828144795662574, 0.23415519608834012, 0.20344579712897204, 0.18251365930090052, 0.016449382021584014, 0.016066685973398456, 0.010196857994969761, 0.008172486975955526, 0.00924402251565987, 0.03333333333333333, 0.01944444444444444, 0.06073859689522358, 0.027597859172382316, 0.005873749458384961, 0.1, 0.058991001615542514, 0.047272955400112046, 0.016360959817901102, 0.00549077540777299, 2.9956309548335587, 2.9610324889261763, 2.725053465710683, 2.200538644762991, 2.018145811026541, 0.09559205254064493, 0.0531236029690781, 0.15354882934428293, 0.051620437955991264, 0.016701685319598765
14, 0, 25, 0.0, 0.0, 0.3113272868767374, 0.3086624288410003, 0.2969716599287808, 0.26697181371671763, 0.24029044201724034, 0.007290843733013023, 0.0068458732990352884, 0.013053798748064022, 0.015176849451239434, 0.011052518397190047, 0.07912518037518038, 0.09718253968253968, 0.17145294428400332, 0.032384134259116695, 0.000828780158389097, 0.14263528779491055, 0.2092948766586646, 0.0718123935372308, 0.0218583776713524, 0.0026289812063774814, 2.9846465691486754, 2.992587687890431, 2.853366538495099, 2.3696040205083637, 2.061443880240401, 0.07693185525904318, 0.1523087044955366, 0.13964108305055656, 0.07623587232863573, 0.01647458340795198
15, 59, 17, 0.743801652892562, 0.004768461381015174, 0.07292327178316188, 0.0780303617322848, 0.01702402122930067, 0.011807574654661056, 0.010989010989010986, 0.034266787940856996, 0.02892970891336084, 0.004363481490503894, 0.0014897495959676579, 2.391151296425972e-18, 0.0, 0.0, 0.0010416666666666667, 0.0, 0.0, 0.0, 0.0, 0.004540519732854869, 0.0, 0.0, 2.466024022202295, 2.6516668358646824, 1.3886898744221048, 1.0580530881749377, 1.0, 0.6816057461114902, 0.48175874003237484, 0.3205397046134902, 0.09785737817689209, 0.0
16, 61, 13, 0.7563025210084033, 0.003394538433636809, 0.06595320278012586, 0.06555881734978374, 0.017467709412943073, 0.011542701868221157, 0.011069267810840841, 0.03384815227281299, 0.03378243609809177, 0.005073249078476053, 0.0008914419376026742, 0.0003498313758860893, 0.0, 0.011764705882352941, 0.0, 0.0, 0.0, 0.0, 0.05128116404165497, 0.0, 0.0, 0.0, 2.4517291515717607, 2.4084804410174034, 1.3375507402932245, 1.0432488710319754, 1.0064356435643564, 0.6452970328837867, 0.7108790862583183, 0.23618208693819517, 0.0685421919405206, 0.02805231993367758
17, 0, 15, 0.0, 0.0, 0.26491053817976895, 0.25983950725708965, 0.2048893144936142, 0.17235930078238887, 0.14941122670380835, 0.02928225453703779, 0.02193866464107839, 0.012348506568451748, 0.005611449992798422, 0.00540884353369091, 0.005555555555555555, 0.018055555555555554, 0.0204466471336112, 0.005645362637496262, 0.0, 0.02421610524189263, 0.05844895947916892, 0.02611272556505741, 0.00769863695015573, 0.0, 2.945987218398019, 2.9769846072613246, 2.696943476050625, 2.2453874356186807, 2.020189478739611, 0.041412954654704355, 0.09979460376556333, 0.19138680693604243, 0.08202784683777131, 0.014140409435407671
18, 0, 27, 0.0, 0.0, 0.32002824852372364, 0.32160968305199067, 0.3065515376713269, 0.28810858681053725, 0.25701071211856485, 0.004087714992106006, 0.003111987666386126, 0.010643277586834407, 0.010394377305794362, 0.012461217728103723, 0.08852869352869353, 0.16597319347319348, 0.284914816307653, 0.11223916477767575, 0.02525880427265429, 0.14551119198980722, 0.19776486532553483, 0.08269616041183539, 0.030973654534817503, 0.01006261532289969, 2.965869645474167, 3.039089366791287, 2.8860059310298967, 2.265915695982701, 2.032487206968166, 0.07198118562399723, 0.11565470831445045, 0.12397228484786812, 0.05189827439595949, 0.016995017931783117
19, 0, 14, 0.0, 0.0, 0.24090484205724225, 0.2584970661206925, 0.19203916395767756, 0.16348192684235532, 0.1399455116397371, 0.012912762509460161, 0.034539600799236195, 0.011120854997893793, 0.005788355890469452, 0.005359828372887763, 0.40224214382109114, 0.5991576479076479, 0.017127702978376173, 0.0045421222472347015, 0.0, 0.30475550979617744, 0.32728301364098483, 0.03387634446325153, 0.00655904928039408, 0.0, 3.7190291170606438, 3.8205473770226455, 2.6974119036362323, 2.259107979547054, 2.0286278728461657, 0.4923204183223911, 0.3788904492219982, 0.16491292544836245, 0.05965639654883179, 0.019469411402204154
20, 0, 19, 0.0, 0.0, 0.2840036703223517, 0.2860488595653431, 0.25186948937542386, 0.21648383607668792, 0.1859113960057726, 0.018118093712162584, 0.024433904182880765, 0.012027943815043327, 0.008288300614006521, 0.007500464271174499, 0.13869227994227995, 0.06206709956709956, 0.07875382613882059, 0.006464065353841609, 0.0005808292764814504, 0.2118855718296418, 0.11726692386232396, 0.08134207390238897, 0.008384946123953622, 0.0017471392784202552, 3.056374322127521, 2.987966210309833, 2.8025934748434986, 2.2727269501423533, 2.026960137908974, 0.2854057713336117, 0.319060234517001, 0.15374380607997407, 0.05037033512167198, 0.018399895317832805
21, 57, 17, 0.7317073170731707, 0.0038212433138403823, 0.08492357688099444, 0.07161641777026392, 0.020036490138109223, 0.011712994425747872, 0.011042082917082915, 0.03951881714050276, 0.03663310332979053, 0.004644439986736445, 0.0011418060764291813, 0.00023133517120439462, 0.0, 0.0, 0.002702702702702703, 0.0, 0.0, 0.0, 0.0, 0.011780807955515334, 0.0, 0.0, 2.383560803516996, 2.472623136691256, 1.5104685538523455, 1.0542548499332651, 1.0044270833333333, 0.6166593090353311, 0.6235307373873816, 0.33185973509142264, 0.08460368033390515, 0.01929720886463321
22, 0, 19, 0.0, 0.0, 0.2748378803735947, 0.28100197771416263, 0.24156005018267054, 0.2116279369303792, 0.18984487566854766, 0.018287418409943062, 0.016851834355378053, 0.009506576355588821, 0.007587295198922283, 0.006461336965746986, 0.0, 0.031313131313131314, 0.05294385189469915, 0.011472965151082603, 0.0016534104079692896, 0.0, 0.08273584395848575, 0.04056298347212011, 0.012516006197725115, 0.0031295231780334247, 2.932969732704462, 2.9725385790212484, 2.752650993682113, 2.25580079689322, 2.0256225591998502, 0.049378329918802887, 0.10689447427659397, 0.14824182691799329, 0.06408833244984077, 0.012336769673177142
23, 0, 24, 0.0, 0.0, 0.30894680716109285, 0.307581327402756, 0.2899395808061651, 0.2587685414020625, 0.23501429965488688, 0.008702012262153508, 0.010292263744952223, 0.010411905699669445, 0.009954260488066115, 0.011057011301959909, 0.06941197691197691, 0.06845959595959597, 0.14120603040429827, 0.018446502130051647, 0.0, 0.10638321637830708, 0.09108533351104492, 0.08795793627083513, 0.0148636240755468, 0.0, 3.0041697889446355, 2.934022144269556, 2.8266825539869638, 2.3029539500041394, 2.030057904766112, 0.09438597320612825, 0.21882662269279402, 0.11676447292863719, 0.04966424545061731, 0.01764190818984049
24, 0, 20, 0.0, 0.0, 0.27919287824507605, 0.28726841229588485, 0.2467208696113309, 0.21660657628943797, 0.19643004659972885, 0.01681860722168195, 0.01216223519286968, 0.011038533064931433, 0.007773222376446397, 0.009072447928503004, 0.03983516483516484, 0.023942307692307693, 0.06242305713198336, 0.01650301132788697, 0.0031411717806475526, 0.08286736244435004, 0.058236138737295974, 0.04994621033180954, 0.015155436750047158, 0.0041143455409114165, 2.9830954347916254, 2.994807289133915, 2.8101262672192706, 2.2425538466471626, 2.021258487549592, 0.1352935863223897, 0.09742701982042729, 0.21550182793062445, 0.06652940559402976, 0.02297794093965855
25, 0, 21, 0.0, 0.0, 0.289214303706062, 0.2946736139318557, 0.2578346525526172, 0.2313545060920203, 0.20429093047810948, 0.012791236638620637, 0.017800213534680694, 0.01283654290597261, 0.009045462090061752, 0.009367080030165419, 0.0125, 0.05277777777777777, 0.08243045579981458, 0.015958008036764632, 0.002810626564871739, 0.05448623679425841, 0.15262618742017944, 0.07005862310486415, 0.013032383296036997, 0.0032406192038489283, 2.9823266986218324, 2.994843525222107, 2.7766408827625564, 2.258184053790835, 2.0246044495430517, 0.13132228001264049, 0.12081131446087975, 0.18257278489847473, 0.05593878302986738, 0.017746639653526616
26, 0, 25, 0.0, 0.0, 0.31360114666035716, 0.3115619118366371, 0.2978460108693596, 0.2735058954328714, 0.23664479300160504, 0.008686605300658722, 0.010036645387210273, 0.010631538950122237, 0.008513586085770963, 0.008620102879484512, 0.19106032125768968, 0.1501862026862027, 0.18562346863973425, 0.03369815622312476, 0.0005249379994488841, 0.2955230434679081, 0.28485759639157715, 0.06338338588630679, 0.02292834848891614, 0.0015748200254130922, 3.051853776370249, 3.030739522915165, 2.897955881995978, 2.353835832896388, 2.0604946446539376, 0.17055989418515397, 0.3034485219354176, 0.12257577847934172, 0.06459781833894729, 0.019025219810889483
27, 0, 20, 0.0, 0.0, 0.28999659528505684, 0.2939783842531095, 0.258202361221263, 0.22445440456014723, 0.1958918490611098, 0.0195538268349527, 0.012863528871769146, 0.013765079793025672, 0.009893085624172805, 0.007297444859255005, 0.0313034188034188, 0.05324675324675325, 0.03985309164458324, 0.0035917059131344844, 0.0, 0.07614239112576925, 0.11937460014335573, 0.03427611393638771, 0.00667036441153764, 0.0, 2.9884527774559375, 3.0098023961049925, 2.737524045109396, 2.2398070253911078, 2.0161079104952533, 0.09750699881194, 0.09052423022539434, 0.08150316661743204, 0.08135431526601103, 0.010131647738606921
28, 0, 17, 0.0, 0.0, 0.27061588271672304, 0.26368814030901944, 0.22426203597057412, 0.1927487162460302, 0.16832651653680206, 0.024230432615033323, 0.024123644993175333, 0.010973057040312484, 0.006813346892757063, 0.006770988613771541, 0.09034090909090908, 0.004545454545454545, 0.04746531309031309, 0.002021193092621664, 0.0, 0.3045860513986344, 0.01981317701609397, 0.0494799815880375, 0.005064581420691753, 0.0, 3.0361189832765865, 2.923048446190662, 2.73408541798045, 2.213405976333005, 2.01406943926773, 0.33708500537195024, 0.06528997110123815, 0.11242571212214433, 0.05139405822189847, 0.012894132770896747
29, 87, 21, 0.967741935483871, 0.00965545425102093, 0.05991674991674991, 0.056766564255252026, 0.012871503211981467, 0.010989010989010986, 0.010989010989010986, 0.04008652434674477, 0.03210209698220737, 0.002914786886602621, 2.1245936804851847e-18, 2.715271730114205e-18, 0.0, 0.0, 0.0, 0.0, 0.0, 0.0, 0.0, 0.0, 0.0, 0.0, 2.3825874674726317, 2.6078678801716753, 1.1783020534469293, 1.0, 1.0, 0.9051557121024, 0.7293684403550851, 0.3313780409592764, 0.0, 0.0
30, 0, 21, 0.0, 0.0, 0.28474329173974927, 0.2883243908106546, 0.25273255472117395, 0.23285037094104316, 0.20213183280656324, 0.015914925030512988, 0.014547548807744896, 0.014339571292283335, 0.008463072315225008, 0.008418515318880675, 0.0, 0.0, 0.03471383233930602, 0.0016245909303412812, 0.0, 0.0, 0.0, 0.04541149610051259, 0.005174090167202066, 0.0, 2.9284421778618928, 2.9420943187227713, 2.6498926387430277, 2.172818258970669, 2.010475978329002, 0.07839225989996824, 0.03517905583606519, 0.13811154471641668, 0.06624985282702435, 0.013143890887752948
31, 0, 13, 0.0, 0.0, 0.25070240135162053, 0.2466468757128098, 0.19299564615521658, 0.1543398594351563, 0.13270841307944506, 0.015285386244488483, 0.032424945398872834, 0.013428598640086593, 0.006009862393911565, 0.006257040287563642, 0.06805555555555556, 0.06952380952380952, 0.010017616942911886, 0.0016578402026249136, 0.0, 0.1749062800191104, 0.19863707947511616, 0.014573421614734641, 0.0054032111046634496, 0.0, 3.040506096227421, 3.0061311666859885, 2.6333626726082, 2.1615778532797227, 1.9980071561218626, 0.2203445131788608, 0.2576930093932656, 0.12468518488567094, 0.04640555530015974, 0.009275098362355197
32, 0, 18, 0.0, 0.0, 0.2783689595615904, 0.2792822089388023, 0.24086609556173105, 0.20677030259252396, 0.17995702901613556, 0.019288432503759657, 0.018121636688189842, 0.013688795641254102, 0.008878856543332469, 0.008862027870300593, 0.032275641025641025, 0.059686147186147176, 0.03252457821209766, 0.007509327701849524, 0.0002645502645502645, 0.06566470770463817, 0.09894301104477161, 0.036917780131174346, 0.00817564876061145, 0.001153147868661554, 3.0054221298609773, 3.00277881152278, 2.7530598614191195, 2.3671729022747225, 2.083548613226257, 0.1191532626276831, 0.09437845100041986, 0.1043674770192429, 0.09680965789982, 0.03311054795706551
33, 0, 18, 0.0, 0.0, 0.2774692981011662, 0.27895439877582734, 0.24163974862363125, 0.20501453461672953, 0.17563231943251453, 0.015522865312022177, 0.01979835371552607, 0.01045928963475415, 0.009627581169153042, 0.007531693935177154, 0.05, 0.01, 0.041935600739268004, 0.004911485497114489, 0.0, 0.16955824957813168, 0.04358898943540674, 0.04164260991745967, 0.00748794838329627, 0.0, 3.0651441377454107, 2.9695902691691534, 2.7540114160869438, 2.2428707183092653, 2.020709707623168, 0.4882736170463555, 0.06627561224109223, 0.11605920990131657, 0.06444141060668121, 0.014615505093924487
34, 34, 8, 0.6164383561643836, 0.0005313450261837095, 0.06539982605916672, 0.06421642298662338, 0.024213725376657537, 0.015084875086136327, 0.011556326963348906, 0.028114999922176625, 0.03178902185830157, 0.004790563848375799, 0.0015917362008117397, 0.0005663139805518398, 0.1178846153846154, 0.1202113572701808, 0.0, 0.0, 0.0, 0.1481018821234032, 0.17241773380374323, 0.0, 0.0, 0.0, 2.9336214724908887, 2.898348768622154, 1.7332477036162743, 1.3056738509746781, 1.0474102103314644, 1.0719356674211429, 0.9287864119166866, 0.29788844940074743, 0.12898407165481018, 0.04604269323789328
35, 0, 17, 0.0, 0.0, 0.26628408298051154, 0.2775614881957804, 0.22790310439341752, 0.1940415848172438, 0.16753234556337288, 0.023409464187911403, 0.019100767286436445, 0.012583771329237343, 0.009509215649226766, 0.006180020586555467, 0.051577380952380944, 0.05551282051282051, 0.01034512351883661, 0.003297621024989082, 0.0, 0.08955164267020439, 0.09078525499581323, 0.02014530626406779, 0.005044385436272654, 0.0, 3.12591465853306, 3.012473328487047, 2.6842272997821617, 2.2505165234032836, 2.0253791446265685, 0.3324131735161112, 0.14404438979648107, 0.09422104505089672, 0.05779330663725468, 0.018099621672416723
36, 0, 14, 0.0, 0.0, 0.24656243939210976, 0.25355275447995224, 0.19718664185506846, 0.16409763461432922, 0.13883422267435702, 0.02762040046639208, 0.02310991236727134, 0.009123028532943223, 0.007221027050073278, 0.006110325650950591, 0.009166666666666667, 0.0, 0.009218559218559217, 0.0057940565789403, 0.0, 0.027625974090417962, 0.0, 0.026049067375908945, 0.007733268147481973, 0.0, 2.9458222447282294, 2.948754706168258, 2.6277734435780005, 2.220070647531587, 2.009130827792975, 0.09028748563224812, 0.04355472489707807, 0.14684949363086125, 0.06141165144793418, 0.012572900292073839
37, 80, 22, 0.9, 0.008163910397839157, 0.06450338123415046, 0.055460480229387786, 0.012408148198371266, 0.010989010989010986, 0.010989010989010986, 0.03107675228976568, 0.03809257471721735, 0.0032816712981007376, 2.4224095028101378e-18, 2.48374603233007e-18, 0.0, 0.0, 0.0, 0.0, 0.0, 0.0, 0.0, 0.0, 0.0, 0.0, 2.732453739577873, 2.2968926048078204, 1.0755805981299402, 1.0, 1.0, 0.5375425800862434, 0.883634007138573, 0.15885492644359414, 0.0, 0.0
38, 0, 7, 0.0, 0.0, 0.2184230879011099, 0.21438659935912682, 0.1361018468320822, 0.09596202466611664, 0.07724050465543433, 0.029002291384972168, 0.03850660020274894, 0.013791338619313545, 0.006570482623372713, 0.002830974682096103, 0.6288905538905538, 0.5545843045843045, 0.0, 0.0005617977528089887, 0.0, 0.264881834222179, 0.3435388051731126, 0.0, 0.002448819631202626, 0.0, 4.029203634391309, 3.785517064209644, 2.6278967547531487, 2.2784571751217495, 2.0071334679813178, 0.7633098458255166, 0.3648219259264879, 0.12931965179624158, 0.08647983230212475, 0.022787517969285978
39, 60, 25, 0.75, 0.00858702080411024, 0.08148447481915484, 0.0811614789362042, 0.017381943711388494, 0.012158217984158528, 0.011147785353119659, 0.039793148197857876, 0.050026321208068214, 0.005892623525667968, 0.0017032929572780872, 0.0004777979343551011, 0.0, 0.008333333333333333, 0.002412790697674419, 0.0005952380952380952, 0.0, 0.0, 0.03632415786283895, 0.007243623760327354, 0.002594582704488496, 0.0, 2.4421527198602693, 2.4278793967654506, 1.323746388895428, 1.1001125038726107, 1.0126809273728703, 0.6975577565991334, 0.7389635926171539, 0.2769669251135449, 0.16000685521470664, 0.038133781193845105
40, 0, 19, 0.0, 0.0, 0.2901368221665571, 0.2857339241954627, 0.2482129573684846, 0.21308610029799838, 0.18726999399387254, 0.013774480032800991, 0.019780678838368693, 0.009746349957750563, 0.006469060735653679, 0.005824380861820309, 0.05051470588235294, 0.061548174048174045, 0.05280182459790291, 0.005097010863277864, 0.0, 0.1101030452784335, 0.16957213398419554, 0.047002241865916554, 0.008459143141298555, 0.0, 3.0210869047375883, 3.0386441848290517, 2.7171359813030884, 2.234726078446685, 2.0167376276549747, 0.1290315871748528, 0.3536250008137846, 0.11514001567364683, 0.0716866251008145, 0.009171614122500723
41, 0, 27, 0.0, 0.0, 0.3189738138396832, 0.32170309101151473, 0.302776759461747, 0.2837291659571503, 0.2588143013211438, 0.0035988232438752283, 0.0034222626100923565, 0.014207666410508572, 0.014488224529278735, 0.01091218193484558, 0.10825863678804855, 0.16411226028873088, 0.44604643616173895, 0.23320477445289103, 0.05290503812904137, 0.16033200967256658, 0.20461543150754133, 0.1167184332463053, 0.06325786016518392, 0.01745429493698462, 2.9991279739565533, 3.0164719370627293, 2.9075376213152566, 2.3219946407394647, 2.050707242887475, 0.1154951868069457, 0.11154527390625527, 0.11115912826790073, 0.068336234334834, 0.013158441383263945
42, 75, 21, 0.8571428571428571, 0.005788348626058179, 0.047861017187940266, 0.055282675601501505, 0.014044031068888366, 0.011538433176325155, 0.010989010989010986, 0.03271582641588126, 0.032748704201416574, 0.004116982580003051, 0.0011249520018229808, 2.9794854148677947e-18, 0.0, 0.0, 0.0, 0.0, 0.0, 0.0, 0.0, 0.0, 0.0, 0.0, 2.1965920101716288, 2.3677895505532116, 1.2095475839796281, 1.0509935511891892, 1.0, 0.8421093601746167, 0.7926869356949963, 0.3329229073963508, 0.11591862784714535, 0.0
43, 0, 21, 0.0, 0.0, 0.2873633417864187, 0.28780860165475547, 0.2561095310691319, 0.22710821944920978, 0.20062025458554084, 0.01745065327189595, 0.010763471764444529, 0.010585095795642074, 0.011035314139153835, 0.011842541011018474, 0.006666666666666666, 0.0035714285714285713, 0.046722180259901665, 0.001056847257759484, 0.0, 0.029059326290271158, 0.015567496226930978, 0.04425455003074574, 0.003177560136649731, 0.0, 2.9408507713823804, 2.9417844445080776, 2.6850798116153842, 2.166342273084597, 2.0059031821623714, 0.060642365926455645, 0.02511428021789691, 0.11505985727162905, 0.043748241473829094, 0.008469438378013018
44, 72, 20, 0.8333333333333334, 0.006464395460943377, 0.05737207237207237, 0.07677473930221182, 0.01284354871399406, 0.010989010989010986, 0.010989010989010986, 0.03803676886101495, 0.05124908420627894, 0.004287684746647089, 2.5730107236137054e-18, 2.6020852139652106e-18, 0.0, 0.015384615384615385, 0.0, 0.0, 0.0, 0.0, 0.0670599837467796, 0.0, 0.0, 0.0, 2.421157257218087, 2.680455657392196, 1.129588091121689, 1.0, 1.0, 0.6799539382943306, 0.8119704917702139, 0.30577327477155175, 0.0, 0.0
45, 44, 15, 0.6617647058823529, 0.0020678172280734182, 0.08390060412725246, 0.08429972625593181, 0.025684133171159362, 0.01487873944151922, 0.011354045728199052, 0.029483107201208426, 0.020567975696548176, 0.007808019666706765, 0.002786007723827033, 0.0008444247877169609, 0.007142857142857143, 0.0, 0.0, 0.0, 0.0, 0.031134992453861955, 0.0, 0.0, 0.0, 0.0, 2.762894176803234, 2.884777368930528, 1.7133717650364084, 1.2399125598078313, 1.0278536436656278, 0.607814122916145, 0.27182752249664716, 0.3275029240625666, 0.14945719089218384, 0.06282611077450966
46, 0, 15, 0.0, 0.0, 0.26587926420344, 0.2539962022104879, 0.2076462472134284, 0.16952933174549584, 0.14687782803457167, 0.026056455800615212, 0.032216100936440825, 0.011495973282377019, 0.006709062348203391, 0.007561613973689264, 0.004166666666666667, 0.0, 0.007465661578564804, 0.0028133350389447954, 0.0, 0.018162078931419474, 0.0, 0.013008290742957724, 0.0048976446367131905, 0.0, 2.9773069360215816, 2.8895659759348162, 2.66443863118928, 2.1719824771107517, 2.000136969479251, 0.12274885288859978, 0.20849051440831268, 0.10394376631597547, 0.05879484017531722, 0.012666408845803105
47, 34, 14, 0.6122448979591837, 0.0008805344907807772, 0.09664135700900406, 0.08604707258553412, 0.030537183569677474, 0.016889358875287846, 0.011844481154266865, 0.037523331836240056, 0.027181842215690612, 0.009647563259591298, 0.0031318364027861983, 0.00047119910640510955, 0.0, 0.0, 0.0, 0.0, 0.0, 0.0, 0.0, 0.0, 0.0, 0.0, 2.7269827088738343, 2.6779757039349663, 1.6673607978312148, 1.3526766838976245, 1.0739168593099029, 0.44404377762631636, 0.4233422604605617, 0.18881873057995696, 0.1362891689501722, 0.04340513961641886
48, 71, 17, 0.8256880733944955, 0.004805793039534374, 0.06567769837000606, 0.06555374131004384, 0.01539676569487768, 0.011291478093728585, 0.010989010989010986, 0.032895191099257745, 0.028582735144186078, 0.0037656738855270724, 0.0007246232684306161, 2.391151296425972e-18, 0.0, 0.0, 0.0, 0.0, 0.0, 0.0, 0.0, 0.0, 0.0, 0.0, 2.6753935655715195, 2.702003721989494, 1.2801316108733454, 1.023438847640124, 1.0, 0.6221967105957797, 0.46257449648617377, 0.24833795532699796, 0.05605595960919558, 0.0
49, 0, 21, 0.0, 0.0, 0.29498046824969903, 0.2953060858555364, 0.2624175319796798, 0.23038813577173137, 0.20249131271515783, 0.012272158028238353, 0.017853418430267984, 0.009130654923970707, 0.009429098077893334, 0.008296733123574587, 0.06198523698523699, 0.0825036075036075, 0.073799462821726, 0.013926028595813928, 0.0002958579881656805, 0.10030268051965137, 0.1446191702484175, 0.08167119915373298, 0.0158164146004872, 0.001289615072053454, 3.0757551882691474, 3.0577572040180567, 2.794153348037348, 2.2006184603564627, 2.0093885136943705, 0.1436055033803046, 0.14129420742810297, 0.1448021010133806, 0.06496951850432217, 0.010030442973006868
50, 56, 17, 0.7258064516129032, 0.0023561378085848552, 0.07642973479511939, 0.06823704531122114, 0.0198512765309986, 0.012100578309849397, 0.010989010989010986, 0.039135514533510406, 0.03918941231446352, 0.005208925615129679, 0.0014440312704984467, 2.823925224926892e-18, 0.0, 0.0, 0.0, 0.0, 0.0, 0.0, 0.0, 0.0, 0.0, 0.0, 2.4975178961679823, 2.391507979539821, 1.4409143207028168, 1.0807918833919747, 1.0, 0.685814990063787, 0.7572707312348347, 0.20356988117106845, 0.10268863895442883, 0.0
51, 0, 16, 0.0, 0.0, 0.27096938775510204, 0.26663540824255105, 0.21013665576846377, 0.18082759426279804, 0.15523849516971075, 0.026372958597683814, 0.02167152314271867, 0.014965261730598336, 0.008324804712091065, 0.007368700135373904, 0.05714285714285714, 0.016666666666666666, 0.02379680368650957, 0.003058243159394795, 0.0, 0.15313244752586164, 0.0726483157256779, 0.03467830784412032, 0.007751515497970693, 0.0, 2.9904127852688784, 2.9489827721778807, 2.6083184578300926, 2.14171807106803, 1.9938727252825648, 0.1535655686365344, 0.027643314848947734, 0.145739437827782, 0.07581797693744706, 0.013713297834214539
52, 0, 10, 0.0, 0.0, 0.22864759172451482, 0.23840647447790309, 0.17908446600787273, 0.13763201902350847, 0.10799226723871554, 0.027843601899074283, 0.038094174086105735, 0.010163047695777219, 0.007761398174803297, 0.004338803402962983, 0.026666666666666665, 0.04130952380952381, 0.010750290797596878, 0.003912042439353364, 0.0, 0.08273115763993903, 0.09216554107393526, 0.018062453207969256, 0.006296711980475958, 0.0, 3.0638661971509586, 3.0007809210899428, 2.8271990611141034, 2.4307676621396177, 2.0941254533307516, 0.20931625130137516, 0.17280408015782978, 0.14840189117706384, 0.10695059955224205, 0.025174278217622158
53, 35, 16, 0.6122448979591837, 0.0024286133629258626, 0.07522780815184617, 0.09324952824952824, 0.03034000602565103, 0.015125596446460795, 0.011483125949116994, 0.03332358376313225, 0.03741202919347227, 0.007063617304269746, 0.0023595973018396806, 0.0005965683527166594, 0.0, 0.0, 0.0, 0.0, 0.0, 0.0, 0.0, 0.0, 0.0, 0.0, 2.4816891339893035, 2.5493281512613426, 1.6963291187854943, 1.2940279909927503, 1.0407907250858213, 0.6730829110712325, 0.5757866705695116, 0.19816530020113615, 0.16198667382806167, 0.04827985778879528
54, 0, 15, 0.0, 0.0, 0.269969429227671, 0.25528358088797654, 0.21648775361805156, 0.18155795345748763, 0.1521027335007426, 0.020944516442039537, 0.020251837926667605, 0.009508406640427168, 0.006649603409038438, 0.005379633190557161, 0.03222222222222222, 0.0, 0.03209901925934535, 0.006741695100472521, 0.0008699844604957458, 0.07902960845370346, 0.0, 0.035925868545274665, 0.007392975553302525, 0.002072695610968001, 3.03774447564449, 2.9438816601840543, 2.775133081598935, 2.3689880788762627, 2.0823074686094443, 0.21059109511113724, 0.03389213251768635, 0.12674712867463314, 0.06424519694148738, 0.030932452877903548
55, 0, 24, 0.0, 0.0, 0.30336296648837047, 0.30381741274598417, 0.2786090753861464, 0.26162095881947534, 0.23178492471250264, 0.008500982896872289, 0.00817247763797736, 0.011743905126159106, 0.008300379679935356, 0.010275642157735763, 0.04464285714285714, 0.05817460317460317, 0.16253138881137827, 0.05201619870417971, 0.004560709205006755, 0.12104719521487373, 0.09801960021189214, 0.09946257485417014, 0.03053208167175845, 0.005576340066026559, 2.9518968047210614, 2.9533717574951317, 2.8275109007039774, 2.307411030550106, 2.0617832934669, 0.06885465208507388, 0.046225702661334044, 0.1655832743314817, 0.055154066581017375, 0.020834702128232394
56, 0, 20, 0.0, 0.0, 0.29256690958614034, 0.2955556409402563, 0.2470356624267369, 0.2168467857178749, 0.19787456433912515, 0.012169526716004202, 0.019312883387146394, 0.012502019067023607, 0.01147590784520899, 0.009022089911624226, 0.023636363636363636, 0.03888888888888889, 0.042478507563109405, 0.0043537322732194895, 0.0, 0.07183544096413969, 0.16951273669324846, 0.04468363442040291, 0.00862344467029469, 0.0, 2.9868885715610154, 3.009541066558578, 2.671639897117087, 2.144315875344301, 2.00942847263679, 0.07571122594333175, 0.23003409535162722, 0.14717447100866604, 0.05956439131897503, 0.013620617050671177
57, 0, 25, 0.0, 0.0, 0.3095073058809322, 0.3111222111222111, 0.28384510012609276, 0.26064855020295313, 0.23575899846062556, 0.00887380939150311, 0.005635485761756443, 0.014221485467203733, 0.013602353494370818, 0.010004772581645721, 0.0644017094017094, 0.09502164502164503, 0.314063302058868, 0.1903317400023603, 0.056380549265403944, 0.1116935016378778, 0.16622951045237774, 0.12296965528931106, 0.04190134101082018, 0.01810550531102652, 2.963237685713888, 3.03775022412301, 2.8511652319655982, 2.2764847601087213, 2.055968078516415, 0.0777706062710338, 0.15794413572826674, 0.18856747046384761, 0.05879416573804324, 0.01955806026313984
58, 0, 20, 0.0, 0.0, 0.2841211810167854, 0.28827951810094665, 0.25881508344310256, 0.22683249753722054, 0.19509545179838228, 0.014007880559673785, 0.018170751600364903, 0.008473897036309212, 0.011059060510667466, 0.009852842730129563, 0.07503718503718504, 0.10631313131313132, 0.08861811552883744, 0.010836044495185234, 0.0002824858757062147, 0.13091880608423043, 0.24091378931530028, 0.04879276761348309, 0.011392000091442351, 0.0012313273851809812, 3.0542145067466056, 3.03453962357535, 2.852035139091948, 2.3532658825760877, 2.0613407650658804, 0.19375746971684332, 0.1903802647217499, 0.10099697505650285, 0.08579953975152076, 0.016041995656918998
59, 51, 20, 0.6976744186046512, 0.003080123633212962, 0.08448600316045371, 0.11184250265511109, 0.024486759976525028, 0.01439087291633093, 0.011284110410112274, 0.036934251835459564, 0.04157008763430764, 0.0071240029942961245, 0.003523818994545562, 0.0005126219104382206, 0.0, 0.0, 0.0, 0.0005747126436781609, 0.0, 0.0, 0.0, 0.0, 0.0025051143353682034, 0.0, 2.6909348001840536, 2.75685494986081, 1.5943129721192135, 1.2252360302025735, 1.0243584818948657, 0.6085540422599529, 0.42254620769543044, 0.2858368075723966, 0.25077835487908123, 0.042291469832498846
60, 62, 20, 0.7627118644067796, 0.004017502003516762, 0.07062513951250214, 0.06962223978707495, 0.01979211609441878, 0.011887706207876596, 0.010989010989010986, 0.03479194302219579, 0.04329484215791745, 0.009437692917952746, 0.0015285819497115188, 2.9285502870190586e-18, 0.0, 0.0, 0.0, 0.0, 0.0, 0.0, 0.0, 0.0, 0.0, 0.0, 2.529239506757688, 2.35125388835077, 1.419751388541075, 1.0633884542605092, 1.0, 0.6625559741783563, 0.6833095959562335, 0.40762172727995927, 0.10263336042399507, 0.0
61, 72, 22, 0.8333333333333334, 0.0096060219736995, 0.05950179094409863, 0.05757869419957332, 0.016761176215209984, 0.011108693286911105, 0.010989010989010986, 0.037792638435343036, 0.03622366574876635, 0.006838493827596616, 0.0005216830418773523, 2.088883680402605e-18, 0.005, 0.03428571428571429, 0.0, 0.0, 0.0, 0.02179449471770337, 0.1044323821856975, 0.0, 0.0, 0.0, 2.4000923184802896, 2.539672695779673, 1.3714394094602282, 1.0090163934426228, 1.0, 0.7466152308582521, 1.0257908775002837, 0.5434575452310267, 0.03930154785159624, 0.0
62, 37, 14, 0.6206896551724138, 0.0015212482114680603, 0.08882498848562195, 0.08663432187470649, 0.027659077963643326, 0.014879714694161467, 0.011283919065436836, 0.03333502959091507, 0.028178513496503226, 0.008079064406498353, 0.002303515561573223, 0.0004773608722557119, 0.01, 0.00909090909090909, 0.0011904761904761904, 0.0, 0.0, 0.04358898943540674, 0.03962635403218794, 0.005189165408976993, 0.0, 0.0, 2.6439745517947544, 2.765768120430786, 1.735514545315881, 1.3015989304354014, 1.0246328788107686, 0.5000249490848958, 0.5946167540415898, 0.3453386027182763, 0.1803542126479944, 0.039437410446110856
63, 61, 21, 0.7563025210084033, 0.005462660109887205, 0.0817500128077051, 0.08519361514553822, 0.020726855085362175, 0.012902640881383718, 0.011181348032309569, 0.026980964929103304, 0.04351770279222908, 0.004889636304726223, 0.002163185595497517, 0.0004599856455946599, 0.0125, 0.004545454545454545, 0.002325581395348837, 0.0, 0.0, 0.05448623679425841, 0.01981317701609397, 0.01013697428730389, 0.0, 0.0, 2.7811848544907196, 2.8057535274508507, 1.5774893858106518, 1.1284769220139104, 1.015740977708542, 0.5027368626714799, 0.5358010696230233, 0.36984868960985723, 0.13157912891154533, 0.03761100788920948
64, 0, 22, 0.0, 0.0, 0.29396230753373603, 0.2976537947077701, 0.27015677235425584, 0.23767807343655661, 0.21135998941685155, 0.014869706099637298, 0.008013821708230662, 0.01180190081924899, 0.011678908941352876, 0.011995445939133828, 0.05156926406926406, 0.02733516483516484, 0.09682135189135702, 0.005336944481725591, 0.0, 0.11797195809464572, 0.0631657573613349, 0.0776653665383089, 0.006972003327724419, 0.0, 2.930630615197427, 2.970728929363694, 2.7993747312624295, 2.1621771392978215, 1.9998080601038677, 0.2498169931695875, 0.054792751001923164, 0.2567598509854467, 0.049473238607752525, 0.007750799465921153
65, 59, 19, 0.743801652892562, 0.003400499344593273, 0.0782065294290569, 0.07777446607116936, 0.02254239691532162, 0.011819780761809746, 0.011042003681597589, 0.03407985404536664, 0.03692007326037744, 0.0071058771990969655, 0.0013471353859881292, 0.0002309897917311112, 0.0, 0.0, 0.0, 0.0, 0.0, 0.0, 0.0, 0.0, 0.0, 0.0, 2.5386670026557754, 2.548682832387013, 1.5287992979397367, 1.060249303942768, 1.0044186046511627, 0.5880570675033849, 0.6144008509648062, 0.27442910440032436, 0.09532326529885075, 0.01926025114587741
66, 0, 18, 0.0, 0.0, 0.2767172171899062, 0.2726337393931932, 0.2308035995184811, 0.19790701427033597, 0.17330771658418923, 0.017453158084958773, 0.021722518866852995, 0.007655132993176387, 0.006455195095718896, 0.0065226855577847345, 0.040530303030303035, 0.027543290043290043, 0.029151062601167982, 0.002300752595129987, 0.0, 0.15859003042508557, 0.07295967797940255, 0.044523824303581365, 0.005904340648516445, 0.0, 3.0141679940210384, 2.9849501639954883, 2.694798359901585, 2.115026862245486, 1.9938020689596132, 0.2844623856752288, 0.1298017673841652, 0.18371734469566217, 0.04235713070838507, 0.00884548854400019
67, 0, 19, 0.0, 0.0, 0.2806980336513304, 0.27844520253860916, 0.24415812767734887, 0.2132097578595967, 0.18575019599445977, 0.012367769642616135, 0.01174452885710178, 0.010910172833734516, 0.007899555792441197, 0.00698030595282956, 0.0, 0.07484848484848486, 0.03296377582840343, 0.0056497595119552515, 0.0, 0.0, 0.19495967419910207, 0.04206693130312596, 0.009290697513014114, 0.0, 2.955791236281175, 3.0331220199618505, 2.7698956971079802, 2.311578708406051, 2.061866034124011, 0.0751024584988218, 0.22747935754674806, 0.14955949354158038, 0.08336249732155729, 0.02310026668415994
68, 0, 17, 0.0, 0.0, 0.26760333607174264, 0.2781280777507345, 0.2236318343398313, 0.19105506549123508, 0.16579345475502633, 0.021197655967070024, 0.02116903024690617, 0.010031454838508591, 0.007575053182280394, 0.005219564040440546, 0.023809523809523808, 0.01845238095238095, 0.023509766778541896, 0.0013513513513513514, 0.0, 0.06265570174733698, 0.0639403199278175, 0.025016004112881435, 0.005890403977757667, 0.0, 2.9657003213251065, 2.9911439732068223, 2.6468710284342203, 2.1419533751401176, 1.9975501610080013, 0.07347413090953278, 0.10679335899330428, 0.15020297463462534, 0.06448034879925298, 0.00926490215962923
69, 0, 24, 0.0, 0.0, 0.3051382942454371, 0.3076571223343202, 0.27932550589296373, 0.25640622207699143, 0.2284617493266956, 0.008684029859474845, 0.010472443879514636, 0.016107266439175094, 0.01414969189328856, 0.008857960939054053, 0.10764880952380951, 0.08270833333333333, 0.16924700324168124, 0.03319675694815559, 0.0021329454858866623, 0.2106324897569536, 0.17927455569445552, 0.10263498110353725, 0.02392429650446383, 0.003035968209377078, 3.08132743790018, 3.075152963181553, 2.823243092230506, 2.2322357503776824, 2.009599778421692, 0.3207663249065712, 0.31139074513048604, 0.10877509293786244, 0.046246737817865056, 0.012079682031935476
70, 0, 10, 0.0, 0.0, 0.22258476566168875, 0.22785736927907257, 0.15830148297839797, 0.12090265203177666, 0.10279222539114537, 0.02965233621131253, 0.03438737483069796, 0.00738354257708185, 0.005257959065597513, 0.003861878350591743, 0.2959294871794872, 0.47130799755799757, 0.0192752390666383, 0.0022607345860034033, 0.0002793296089385475, 0.21381513478138853, 0.4238770884145588, 0.024995311327038187, 0.004530839934075022, 0.0012175695373018642, 3.522084373254832, 3.7258570325219567, 2.683634690827314, 2.13173246081747, 1.989619431014909, 0.3553504545466067, 0.44427635279217603, 0.11734663163980774, 0.08345023369054085, 0.014456628302094533
71, 0, 9, 0.0, 0.0, 0.2247911804133524, 0.239607228089371, 0.1619981085161824, 0.10949159519044153, 0.09342935945686424, 0.028562949690660314, 0.023879841036628994, 0.013508195151013057, 0.005858754531635164, 0.0035184514331645573, 0.007692307692307693, 0.0035714285714285713, 0.033355629168635256, 0.0010205144225762784, 0.0, 0.0335299918733898, 0.015567496226930978, 0.032102963424414314, 0.0030617203614584977, 0.0, 2.9524568040187673, 2.9742349489850963, 2.8270510859902758, 2.2093468636279483, 1.995665883723651, 0.05160560659909769, 0.04742958332561076, 0.23460518699073263, 0.10675322732500749, 0.01819410578371262
72, 0, 14, 0.0, 0.0, 0.25784943231371804, 0.24965292675255504, 0.19517257613700648, 0.1622729722778445, 0.13968766228810667, 0.032385761693995894, 0.023878694287699564, 0.011254911278723616, 0.009606276167047772, 0.005176584945538461, 0.021310160427807485, 0.0125, 0.0381223707539497, 0.0035856158922734386, 0.0, 0.056809033551032825, 0.05448623679425841, 0.06009243177674941, 0.006868586150711286, 0.0, 2.9492058251615334, 2.938510113298952, 2.6988202031946136, 2.1911137645334713, 2.0095348679225453, 0.06406360017430004, 0.0587119418625137, 0.16629265339182808, 0.07368009996896667, 0.01407014893370131
73, 53, 20, 0.7086614173228346, 0.004479196895847772, 0.08030421044157307, 0.09041237796893906, 0.025820259882421825, 0.014019620032391702, 0.01117473820962193, 0.04217885900625146, 0.04384417877135031, 0.008879238448700446, 0.0023255600880436153, 0.00044235657715236044, 0.0, 0.015555555555555555, 0.002803379416282642, 0.0005376344086021505, 0.0, 0.0, 0.04873713822102514, 0.008515566414896545, 0.002343494055667029, 0.0, 2.5996446928973453, 2.5506258165306055, 1.711982130614441, 1.2483924212346167, 1.0152657680067596, 0.8029655413439116, 0.795847432967638, 0.3775688674587558, 0.21571111726879239, 0.036355756907347644
74, 0, 19, 0.0, 0.0, 0.2756695990212474, 0.2790032677944766, 0.2472859673795455, 0.21408778956303193, 0.18778241492396436, 0.0195591757487835, 0.02101871537150016, 0.012868447332194185, 0.008022799321299847, 0.007199214013832572, 0.03344988344988345, 0.024285714285714285, 0.04050417108901564, 0.005491831944397962, 0.0, 0.08528179974291679, 0.07410692771053105, 0.03826730172976288, 0.007411204493066674, 0.0, 2.9803794271073203, 2.9587173135122216, 2.7456793882884662, 2.2884853889285024, 2.056718820503233, 0.08740079221881507, 0.0848607538395152, 0.12448226400167198, 0.061761618092585395, 0.02166826208089005
75, 0, 17, 0.0, 0.0, 0.28257920955723154, 0.2702826919722524, 0.2228987182489472, 0.18995924265454883, 0.16460967441931965, 0.02306320337508731, 0.015726981222258258, 0.01297905399936056, 0.006873318560144376, 0.008974342003780259, 0.10598595848595849, 0.04541666666666666, 0.029308218671904102, 0.004988549699150955, 0.0, 0.2032687012756253, 0.08137170372228093, 0.03922996244011358, 0.010791371297381358, 0.0, 3.1323795704792987, 3.042665161208928, 2.6962442734966228, 2.2013212774893534, 2.003012615202663, 0.2694886491301432, 0.17469320283477946, 0.1563078664250642, 0.07232152489734742, 0.010566602702629725
76, 0, 15, 0.0, 0.0, 0.25644300144300136, 0.26107325519413427, 0.20967170761105441, 0.16952118753218787, 0.14952822398532495, 0.02567776821658917, 0.021790852351350393, 0.010727794159181424, 0.007208858782063841, 0.004598862147933976, 0.016666666666666666, 0.0, 0.045445722228416786, 0.0015850132197449448, 0.0, 0.056519416526043906, 0.0, 0.05610060501205653, 0.0037737883255352218, 0.0, 2.9470076567358685, 2.9468996305290682, 2.757685590306041, 2.1219198566521134, 1.9931427295008013, 0.03802575840424333, 0.0318806499274006, 0.21087776587078522, 0.06315312665208732, 0.00837540568375181
77, 26, 19, 0.5844155844155844, 0.0012865090805700451, 0.10096993665674985, 0.11683088597640956, 0.05768952396364617, 0.037683130870234595, 0.020898068119999124, 0.028299481410146182, 0.03318882212000262, 0.011547443346840141, 0.008216761255489117, 0.002538689585176644, 0.0, 0.0, 0.007838827838827838, 0.0012057648401826483, 0.0, 0.0, 0.0, 0.02830542085093415, 0.003654326443258593, 0.0, 2.7928732977342388, 2.7525599601136257, 2.182704017433258, 1.8029860666605457, 1.4924725967807349, 0.340299769322123, 0.36570359614399683, 0.6364027261266428, 0.13495347830828155, 0.08426389369504299
78, 0, 17, 0.0, 0.0, 0.27438513867085296, 0.25825411615246785, 0.22355935284743617, 0.1918885134791978, 0.16864783434129677, 0.015888671314572198, 0.026247609022298724, 0.010975628516779702, 0.007245978623928277, 0.007860703954096639, 0.8978751803751805, 0.5431328393828394, 0.0491450566145909, 0.011961737822880904, 0.0002824858757062147, 0.3998922428581057, 0.37029580960800246, 0.048686910869791725, 0.01096426330016498, 0.0012313273851809812, 3.53481131035027, 3.3732083408723907, 2.9402327871802885, 2.3853202639887945, 2.0713938588446483, 0.4263808251711036, 0.5463679323715787, 0.2591575921616152, 0.09875171374840112, 0.02637985381698768
79, 0, 18, 0.0, 0.0, 0.271413141193361, 0.27670225683961946, 0.24433777677741708, 0.20668487834352295, 0.18076144082249393, 0.016702786460294234, 0.018749854639440344, 0.009971361339870425, 0.008742730902441834, 0.005517518965878662, 0.027500000000000004, 0.016025641025641024, 0.0593295092190441, 0.005358179666911609, 0.0005497650319315581, 0.053039555469898546, 0.048119639143170044, 0.05447528920031325, 0.007851609209639569, 0.0016523253561232674, 2.969885742137273, 2.9602211414721227, 2.7992313203967916, 2.3004293961229747, 2.063389336732578, 0.08323667414642628, 0.04722011757732201, 0.16681251090622762, 0.06542098615755804, 0.026439434263343622
80, 0, 18, 0.0, 0.0, 0.27517617760749624, 0.2852727210213474, 0.23450076748329574, 0.2019946007759254, 0.17895882519630366, 0.018705409308961283, 0.016704379468424374, 0.009715264043706399, 0.008801825972243493, 0.005109994433238295, 0.003125, 0.05213675213675213, 0.04911958195268655, 0.006313729007877004, 0.0, 0.013621559198564602, 0.08245316466107852, 0.04190245325981153, 0.008737753335385385, 0.0, 2.978025936795976, 3.035446406632996, 2.758868700342353, 2.297554996007104, 2.0628035144997767, 0.1429417987854025, 0.1407845073509154, 0.1546699863288957, 0.07993218235246284, 0.01952102143149277
81, 67, 13, 0.7964601769911505, 0.0018723422924298305, 0.06688116675754036, 0.08257777577590117, 0.013683502026656363, 0.011227267965448057, 0.010989010989010986, 0.031127501972532463, 0.0335148499141277, 0.003264973826154674, 0.0005710870645584873, 2.823925224926892e-18, 0.0, 0.0, 0.0, 0.0, 0.0, 0.0, 0.0, 0.0, 0.0, 0.0, 2.6442327053553774, 2.778135253697381, 1.176529965861627, 1.0191057106675512, 1.0, 0.5791305719705607, 0.5140729361060258, 0.21423740994194768, 0.04572542974360039, 0.0
82, 0, 19, 0.0, 0.0, 0.28459814517145343, 0.28157800532800537, 0.24512792332560304, 0.21381503922509898, 0.18839638526932947, 0.020885251857928864, 0.015216859948094222, 0.008419407998845165, 0.009740967085626797, 0.0061502760889668474, 0.042261904761904764, 0.004545454545454545, 0.07125647923188995, 0.00766714585064643, 0.00031645569620253165, 0.10913979001341505, 0.01981317701609397, 0.048857042726384484, 0.008446526864044897, 0.0013793983998546435, 2.961951935181019, 2.9552769649784665, 2.803003081929551, 2.278460846136638, 2.0590183844766012, 0.05442363161727663, 0.02710378924765138, 0.18682568378285405, 0.06491283557378506, 0.015576955550590311
83, 0, 18, 0.0, 0.0, 0.2786352010321791, 0.277167765528302, 0.23794508226459493, 0.20194570559559807, 0.17559522959197896, 0.017209006359001765, 0.02519609120585912, 0.013062517226544583, 0.008263235263784308, 0.007822824832863584, 0.0678943278943279, 0.0381517094017094, 0.04679571379803097, 0.004474983635411878, 0.0002793296089385475, 0.1438604203973171, 0.08653807837310971, 0.04316399268471338, 0.007431095512217381, 0.0012175695373018642, 3.0183330584610117, 2.9580544043424575, 2.723358174256211, 2.207796708077914, 2.000345250492547, 0.17992244622595913, 0.09339655958885587, 0.15010403893021976, 0.06627686480293123, 0.010358938991819295
84, 0, 12, 0.0, 0.0, 0.24995152436086504, 0.24985422239543115, 0.1782285672258396, 0.13840329316501035, 0.12127342222184057, 0.03306520915232502, 0.03923728970827201, 0.01162385410441751, 0.007402616567847101, 0.0045143394512863425, 0.04533730158730158, 0.04114219114219114, 0.01166316817654464, 0.0005813953488372093, 0.0, 0.08203177396232139, 0.10123979472623065, 0.017187482755710633, 0.0025342435718259727, 0.0, 2.9714552976527466, 3.0125953336828832, 2.637253211724846, 2.1048833037057153, 1.995952790065949, 0.061860289064495, 0.17398057873062225, 0.14874320189626833, 0.07151691101467184, 0.014239286960846968
85, 0, 13, 0.0, 0.0, 0.26180459264573674, 0.2440520425491337, 0.18200619625941702, 0.14938867399742345, 0.1308077579895094, 0.023301668803066587, 0.029990615440789823, 0.011988446464834443, 0.0060318906934804396, 0.006880241238257039, 0.07693833943833943, 0.0, 0.024546949371266863, 0.002170190480654877, 0.0, 0.2032152978022507, 0.0, 0.03040628904986064, 0.004343035702237117, 0.0, 3.0579927338495727, 2.929775557642905, 2.5972978699675466, 2.1294624694489652, 1.991580014910521, 0.2158030717539313, 0.04991607417619449, 0.16055944752905915, 0.04759600060518421, 0.012877778135598357
86, 0, 19, 0.0, 0.0, 0.2882776167666278, 0.28373346738731353, 0.24536102477685556, 0.21099726988280315, 0.18322310443075085, 0.017131781916399982, 0.01682258759650173, 0.011769164290122045, 0.008927576260368577, 0.006681600389440918, 0.05051948051948052, 0.12119047619047618, 0.09539773438136816, 0.009277637016224525, 0.00028089887640449435, 0.11525774646162859, 0.23660713536987113, 0.05618165259046095, 0.009791528243617877, 0.001224409815601313, 3.020978078599973, 3.0422709178425, 2.7830218982698356, 2.169884388612546, 2.0013198552477918, 0.17000109000554642, 0.2099095882168803, 0.19649934624292636, 0.0821496971397093, 0.012294223023806889
87, 0, 10, 0.0, 0.0, 0.22463275053611192, 0.23158802278307777, 0.15494928906314037, 0.12513117626099168, 0.10428084603430662, 0.029458157555204353, 0.028559647051531665, 0.013902946939194572, 0.00424557271767065, 0.004219892848060211, 0.8856808688387636, 1.088040848040848, 0.01166647303185211, 0.0017840199750312111, 0.0, 0.33756394730457306, 0.6260350182628411, 0.01887934989361067, 0.00426513017679132, 0.0, 3.948156490958202, 4.046037876082817, 2.725546080881137, 2.250241606629746, 2.014857633302385, 0.3160998700049706, 0.5397288016439591, 0.20267575289473083, 0.07994822799477956, 0.019811966436988553
88, 0, 8, 0.0, 0.0, 0.2262386240133493, 0.22434304248864687, 0.12841629317545475, 0.09560520084988126, 0.08302128583573164, 0.03952926265964871, 0.03443276627505488, 0.012548723726324703, 0.005320701137359745, 0.0029733535221727037, 1.0435312604062603, 1.225459262959263, 0.010355878915716644, 0.0, 0.0, 0.4233986853721395, 0.506169185417316, 0.01905652141965479, 0.0, 0.0, 4.125679818834565, 4.364539298434184, 2.5412316462259903, 2.067007924407951, 1.976274422507391, 0.4913868223083767, 0.7439863501173225, 0.1713082678960201, 0.08352919000544476, 0.012256270530481016
89, 0, 8, 0.0, 0.0, 0.23227923143625864, 0.22776646040341902, 0.13767722698320312, 0.09862745814727532, 0.08364782923671574, 0.03231665099268431, 0.034604449827501355, 0.010644493177298783, 0.006076898343428918, 0.003425624868517702, 0.9881722809354387, 0.9293267108708285, 0.048019176069141745, 0.000625, 0.0, 0.38493949344436906, 0.5525461406920888, 0.04339761061383498, 0.0027243118397129213, 0.0, 4.2370930621598815, 4.038377288281123, 2.8341197927023227, 2.12055789794704, 1.9793980242407851, 0.4480005990459036, 0.541181171643445, 0.30081364238556096, 0.05378660041775691, 0.013072724813672514
90, 0, 6, 0.0, 0.0, 0.22743249729513465, 0.20070773091377486, 0.12584978281632156, 0.0823452510773656, 0.06612378837647534, 0.04270532324519978, 0.03764166518678058, 0.01955713470553642, 0.005730336789912251, 0.0027229303586538984, 0.9042882117882118, 0.850620768120768, 0.009589624467673247, 0.0011111111111111111, 0.0, 0.4824376192131493, 0.5499891645133429, 0.020803455094148462, 0.004843221048378527, 0.0, 3.997367277080488, 4.062393387562466, 2.674460622339743, 2.1905498380872235, 1.981101033577192, 0.7330185131511372, 0.8362757694186297, 0.21955478681239293, 0.08576194852145139, 0.016759520202697224
