, influence_0, influence_1, influence_2, influence_3, influence_4, influence_5, influence_6, influence_7, influence_8, influence_9, influence_10, influence_11, influence_12, influence_13, influence_14, influence_15, influence_16, influence_17, influence_18, influence_19, influence_mean, influence_std, redundancy_0, redundancy_1, redundancy_2, redundancy_3, redundancy_4, redundancy_5, redundancy_6, redundancy_7, redundancy_8, redundancy_9, redundancy_10, redundancy_11, redundancy_12, redundancy_13, redundancy_14, redundancy_15, redundancy_16, redundancy_17, redundancy_18, redundancy_19, redundancy_mean, redundancy_std, avgdeathage_0, avgdeathage_1, avgdeathage_2, avgdeathage_3, avgdeathage_4, avgdeathage_5, avgdeathage_6, avgdeathage_7, avgdeathage_8, avgdeathage_9, avgdeathage_10, avgdeathage_11, avgdeathage_12, avgdeathage_13, avgdeathage_14, avgdeathage_15, avgdeathage_16, avgdeathage_17, avgdeathage_18, avgdeathage_19, avgdeathage_mean, avgdeathage_std
0, 0.06837606837606838, 0.06677937447168215, 0.06936813186813187, 0.10769230769230767, 0.11538461538461538, 0.10047095761381475, 0.14615384615384613, 0.12576312576312576, 0.10164835164835165, 0.12872841444270014, 0.14896214896214896, 0.07362637362637361, 0.0989010989010989, 0.12774725274725274, 0.14139194139194136, 0.14896214896214896, 0.10256410256410256, 0.0879120879120879, 0.028388278388278395, 0.10989010989010987, 0.10493553683800935, 0.03148503338058568, 0.0, 0.0, 0.0, 0.0, 0.0, 0.0, 0.0, 0.0, 0.0, 0.0, 0.0, 0.0, 0.0, 0.0, 0.0, 0.0, 0.0, 0.0, 0.0, 0.0, 0.0, 0.0, 2.9122340425531914, 2.8542713567839195, 2.8066825775656326, 2.8802547770700637, 1.95, 1.9344262295081966, 2.7706013363028954, 2.9341032608695654, 2.870026525198939, 2.962655601659751, 2.914586070959264, 1.890625, 2.983941605839416, 2.8418491484184916, 2.968199886428166, 2.911409395973154, 2.9521044992743106, 2.9830028328611897, 1.6333333333333333, 2.6178010471204187, 2.678605426385995, 0.4252373653559812
1, 0.24725274725274726, 0.2747252747252747, 0.2403846153846154, 0.2543171114599686, 0.21978021978021978, 0.24960753532182106, 0.26973026973026976, 0.2335164835164835, 0.2406593406593407, 0.3202511773940345, 0.23076923076923078, 0.2472527472527472, 0.24960753532182103, 0.2789518174133559, 0.25274725274725274, 0.2967032967032967, 0.2571428571428571, 0.29010989010989013, 0.21978021978021978, 0.23076923076923078, 0.2552029426617339, 0.025624968817846504, 0.0, 0.0, 0.0, 0.0, 0.0, 0.0, 0.0, 0.0, 0.0, 0.0, 0.0, 0.2, 0.0, 0.0, 0.0, 0.0, 0.0, 0.0, 0.0, 0.0, 0.01, 0.04358898943540674, 2.946969696969697, 2.972762645914397, 2.9177592371871275, 2.950604308985812, 2.8992805755395685, 2.9376470588235293, 2.9689922480620154, 2.927299703264095, 2.9316017316017318, 2.9929351316634554, 2.920262664165103, 3.080887616320687, 2.9402298850574713, 2.9745166959578206, 2.936619718309859, 2.985, 2.952, 2.9731778425655975, 2.8992805755395685, 2.922509225092251, 2.9515168280509894, 0.03955374266716356
2, 0.2765567765567765, 0.2875457875457875, 0.25137362637362637, 0.2620456466610313, 0.22124542124542124, 0.2466422466422466, 0.249607535321821, 0.2673992673992674, 0.2554945054945055, 0.25164835164835164, 0.22291993720565145, 0.22291993720565145, 0.2600732600732601, 0.2673992673992674, 0.18956043956043955, 0.24475524475524474, 0.2596153846153846, 0.24475524475524477, 0.249607535321821, 0.249607535321821, 0.24903864755513103, 0.021317748775743776, 1.3333333333333333, 1.3333333333333333, 0.75, 0.7692307692307693, 0.8, 0.7777777777777778, 1.1428571428571428, 1.5, 1.0, 0.4, 0.8571428571428571, 0.2857142857142857, 0.4444444444444444, 1.5555555555555556, 0.5, 1.2727272727272727, 1.125, 1.8181818181818181, 0.5714285714285714, 1.1428571428571428, 0.9689792152292153, 0.41230609010246827, 4.239530988274707, 3.845115681233933, 3.948611111111111, 3.59375, 4.279087452471483, 3.4989733059548254, 3.6172328086164045, 4.1310975609756095, 3.871369294605809, 3.3973856209150326, 3.8193315266486, 3.14702154626109, 3.283623693379791, 4.323540489642185, 3.458791208791209, 3.9530059271803557, 3.622047244094488, 4.432288401253919, 3.7134831460674156, 3.710777626193724, 3.794303231683584, 0.34955621500626854
3, 0.07792207792207792, 0.12417582417582418, 0.05824175824175822, 0.11188811188811187, 0.10549450549450548, 0.10096153846153846, 0.029304029304029304, 0.052197802197802186, 0.0818070818070818, 0.10714285714285714, 0.07692307692307691, 0.10518053375196233, 0.04395604395604396, 0.11843711843711843, 0.04095904095904097, 0.07472527472527471, 0.05347985347985348, 0.13846153846153847, 0.10561660561660563, 0.10714285714285715, 0.08570087650444794, 0.03037649873903476, 0.0, 0.0, 0.4, 0.5454545454545454, 0.3, 0.125, 0.0, 0.0, 0.0, 0.08333333333333333, 0.0, 0.0, 0.0, 0.0, 0.0, 0.0, 0.0, 0.4, 0.2222222222222222, 0.0, 0.10380050505050506, 0.16792586529121317, 2.7787610619469025, 2.770083102493075, 4.707386363636363, 3.6760869565217393, 3.264993026499303, 3.0605633802816903, 1.6521739130434783, 1.8333333333333333, 2.8679245283018866, 2.8556962025316457, 1.9090909090909092, 1.9523809523809523, 1.7894736842105263, 2.8034682080924855, 1.7692307692307692, 2.8620689655172415, 2.8333333333333335, 3.261421319796954, 3.5083459787556905, 1.9545454545454546, 2.705518072177187, 0.7681957995343289
4, 0.2127872127872128, 0.2678571428571429, 0.21578421578421578, 0.21001221001221002, 0.2700156985871271, 0.22291993720565148, 0.23076923076923073, 0.20722135007849293, 0.23233908948194662, 0.2692307692307692, 0.2327672327672328, 0.23443223443223446, 0.19780219780219782, 0.2593406593406593, 0.24775224775224777, 0.22710622710622708, 0.19670329670329673, 0.1904761904761905, 0.2621664050235479, 0.2426739926739927, 0.23150787704359135, 0.024612433107892732, 0.18181818181818182, 0.25, 0.8181818181818182, 1.1111111111111112, 0.7142857142857143, 0.21428571428571427, 1.4444444444444444, 0.2857142857142857, 0.14285714285714285, 0.375, 0.8181818181818182, 0.9166666666666666, 0.6, 0.3, 1.2727272727272727, 0.2222222222222222, 0.3, 0.5833333333333334, 1.0, 1.9166666666666667, 0.6733748196248197, 0.47691130650457825, 3.6508591065292095, 3.829761175750153, 4.2995121951219515, 4.79601593625498, 3.920047031158142, 3.585030269675289, 5.562898550724638, 3.6655480984340043, 3.5521601685985247, 3.89382373351839, 3.938310005184033, 4.2568072610784835, 4.036, 3.404501607717042, 4.858783496384517, 3.4473902236951117, 3.422145328719723, 4.827459231983167, 4.030133146461107, 6.068401735068401, 4.152279415102845, 0.7113979381642275
5, 0.3214285714285714, 0.32731554160125587, 0.32600732600732596, 0.3255494505494505, 0.3262890955198647, 0.32713440405748095, 0.3274725274725275, 0.32527472527472523, 0.3235653235653235, 0.3284493284493284, 0.3241758241758242, 0.32005494505494503, 0.3252747252747252, 0.3205128205128205, 0.3255494505494505, 0.3230769230769231, 0.31968031968031957, 0.3274725274725275, 0.3205128205128205, 0.32339089481946626, 0.3244093772527838, 0.002695355337550342, 0.16666666666666666, 0.21428571428571427, 0.0, 0.0, 0.15384615384615385, 0.0, 0.0, 0.0, 0.2222222222222222, 0.0, 0.0, 0.0, 0.3, 0.16666666666666666, 0.375, 0.0, 0.09090909090909091, 0.1, 0.0, 0.14285714285714285, 0.09662268287268287, 0.11338078478517734, 3.084490042245021, 3.1604828688088054, 2.9718490083173386, 2.966768525592055, 3.0136465324384787, 2.973339160839161, 2.981547924141466, 2.9642633228840127, 2.9840041279669762, 2.9850665218571817, 2.9404409345179334, 2.7157287157287158, 3.1396462785556376, 3.135897435897436, 3.2108626198083066, 2.8997333333333333, 2.6686602870813396, 3.10024516480523, 2.7869101978691018, 2.922705314009662, 2.98031441583486, 0.1374941995757376
6, 0.2527472527472528, 0.24725274725274726, 0.21478521478521478, 0.2433281004709576, 0.21978021978021978, 0.16483516483516483, 0.25039246467817894, 0.2747252747252747, 0.24475524475524474, 0.2564102564102564, 0.28471528471528473, 0.2835164835164835, 0.26785714285714285, 0.24725274725274718, 0.2701465201465202, 0.23233908948194662, 0.24725274725274723, 0.26785714285714285, 0.26973026973026976, 0.20287404902789513, 0.24712767086393458, 0.028539748932272006, 1.0666666666666667, 0.6666666666666666, 0.36363636363636365, 1.0, 0.6666666666666666, 0.0, 0.7142857142857143, 1.3333333333333333, 0.5454545454545454, 0.8888888888888888, 0.7272727272727273, 1.2, 1.0, 1.0, 0.6666666666666666, 0.2857142857142857, 0.6666666666666666, 1.5, 1.4545454545454546, 0.3076923076923077, 0.8027078477078475, 0.39035563726455286, 4.0678484107579465, 3.5930176948828314, 3.2310880829015542, 3.8152482269503545, 3.8230500582072175, 2.0, 3.5582874099194575, 3.7196029776674937, 3.2413793103448274, 3.8224446786090622, 3.3987706492508645, 3.607625099285147, 3.5266884531590414, 3.673954372623574, 3.4791909762738236, 3.4256233877901976, 3.398230088495575, 4.26644871270944, 4.140214216163583, 3.436744560838034, 3.5612728683415016, 0.4513864985173104
7, 0.0872656755009696, 0.027972027972027972, 0.01098901098901099, 0.07326007326007326, 0.06227106227106228, 0.07783882783882783, 0.08669108669108666, 0.1037087912087912, 0.0728021978021978, 0.12857142857142856, 0.1714285714285714, 0.08669108669108667, 0.052503052503052504, 0.0728021978021978, 0.16239316239316237, 0.06227106227106228, 0.06227106227106227, 0.03434065934065934, 0.06339814032121724, 0.10054945054945053, 0.08000093138384994, 0.03893345860755696, 0.0, 0.0, 0.0, 0.0, 0.0, 0.0, 0.0, 0.0, 0.0, 0.0, 0.0, 0.0, 0.0, 0.0, 0.0, 0.0, 0.0, 0.0, 0.0, 0.0, 0.0, 0.0, 2.9412955465587043, 1.6296296296296295, 2.923076923076923, 1.894736842105263, 2.968652037617555, 2.9464831804281344, 2.861764705882353, 2.9267548321464902, 2.9076923076923076, 2.9066265060240966, 2.9675425038639878, 2.8592814371257487, 1.829268292682927, 2.9053627760252367, 2.8941344778254647, 2.968652037617555, 2.968652037617555, 1.7083333333333333, 2.8491620111731844, 2.941666666666667, 2.6899384042546557, 0.46582377115023965
8, 0.18053375196232338, 0.0949050949050949, 0.08424908424908424, 0.04866562009419153, 0.06813186813186813, 0.04866562009419153, 0.034965034965034975, 0.10866910866910867, 0.1575091575091575, 0.07692307692307693, 0.06293706293706293, 0.11538461538461538, 0.08241758241758242, 0.08948194662480377, 0.0989010989010989, 0.06959706959706959, 0.09090909090909091, 0.1108891108891109, 0.10378510378510379, 0.0989010989010989, 0.09132105989248847, 0.03380549770239732, 0.0, 0.0, 0.0, 0.0, 0.0, 0.0, 0.0, 0.0, 0.0, 0.0, 0.0, 0.0, 0.0, 0.0, 0.0, 0.0, 0.0, 0.0, 0.0, 0.0, 0.0, 0.0, 2.977239353891336, 2.9872754491017965, 2.968475073313783, 1.8, 2.916839916839917, 1.8, 1.7058823529411764, 2.961206896551724, 2.96570796460177, 1.8888888888888888, 2.912863070539419, 2.8844621513944224, 2.9192139737991267, 2.8201160541586074, 2.930890052356021, 2.946448087431694, 2.956989247311828, 2.837121212121212, 2.8807157057654074, 1.9230769230769231, 2.6491706187042516, 0.48004142780869885
9, 0.01098901098901099, 0.1330891330891331, 0.12225274725274725, 0.11388611388611389, 0.04532967032967033, 0.07692307692307691, 0.0934065934065934, 0.15306122448979592, 0.1330891330891331, 0.04175824175824176, 0.12527472527472527, 0.11088911088911088, 0.12747252747252746, 0.10256410256410255, 0.01098901098901099, 0.13814756671899528, 0.217032967032967, 0.12747252747252744, 0.18571428571428572, 0.09419152276295131, 0.10817666460523603, 0.050973067465513014, 0.0, 0.0, 0.0, 0.0, 0.0, 0.0, 0.0, 0.0, 0.0, 0.0, 0.0, 0.0, 0.0, 0.0, 0.0, 0.0, 0.0, 0.0, 0.0, 0.0, 0.0, 0.0, 1.0, 1.9523809523809523, 2.9633123689727463, 2.8363970588235294, 1.78125, 2.8659003831417627, 1.9146341463414633, 2.868371212121212, 1.9523809523809523, 2.961783439490446, 2.8453237410071943, 1.9345794392523366, 2.936734693877551, 1.9259259259259258, 1.0, 2.9643995749202974, 1.986842105263158, 2.9351724137931035, 2.9420289855072466, 2.928861788617886, 2.374813959090888, 0.6505065341061873
10, 0.01098901098901099, 0.0989010989010989, 0.01098901098901099, 0.0757020757020757, 0.15384615384615383, 0.12747252747252746, 0.10059171597633135, 0.07221350078492936, 0.0889110889110889, 0.04945054945054945, 0.01098901098901099, 0.07967032967032966, 0.21062271062271062, 0.06227106227106227, 0.05677655677655676, 0.010989010989010988, 0.13076923076923075, 0.09279609279609279, 0.01098901098901099, 0.10989010989010989, 0.07824149293929514, 0.05238387063809898, 0.0, 0.0, 0.0, 0.0, 0.0, 0.0, 0.0, 0.0, 0.0, 0.0, 0.0, 0.0, 0.0, 0.0, 0.0, 0.0, 0.0, 0.0, 0.0, 0.0, 0.0, 0.0, 1.0, 2.986827661909989, 1.0, 2.9218436873747495, 2.8862275449101795, 2.937373737373737, 2.9272349272349274, 2.8636363636363638, 2.866533864541833, 2.970464135021097, 1.0, 1.8928571428571428, 2.9786324786324787, 2.9773706896551726, 1.8333333333333333, 1.0, 2.97310686482661, 2.948087431693989, 1.0, 2.9598732840549102, 2.3461701573528257, 0.839902602500487
11, 0.31318681318681313, 0.30141287284144436, 0.31043956043956045, 0.31135531135531136, 0.31135531135531136, 0.2937062937062937, 0.30219780219780223, 0.2930402930402931, 0.29827315541601257, 0.2953296703296704, 0.3076923076923077, 0.29120879120879123, 0.3205128205128205, 0.3052503052503053, 0.2870879120879121, 0.30346576500422656, 0.30219780219780223, 0.3015873015873016, 0.2967032967032967, 0.2943485086342229, 0.302017594737375, 0.008344780197331756, 0.0, 0.14285714285714285, 0.0, 0.4444444444444444, 0.0, 0.09090909090909091, 0.0, 0.5555555555555556, 0.2857142857142857, 0.0, 0.0, 0.0, 0.0, 0.0, 0.0, 0.07692307692307693, 0.0, 0.0, 0.13333333333333333, 0.0, 0.08648684648684649, 0.15661634076285355, 2.9769497947584465, 2.9485179407176285, 2.929657794676806, 3.3156378600823047, 2.972160356347439, 2.829623287671233, 2.9488272921108742, 3.993698802772527, 3.2172549019607843, 2.917525773195876, 2.96529284164859, 2.886577181208054, 2.988804299149127, 2.9563684442485676, 2.7910643889618925, 3.0997624703087885, 2.946969696969697, 2.9110807113543093, 2.957927541877678, 2.9518134715025908, 3.0252757425761603, 0.2503354307739118
12, 0.2817182817182818, 0.25774225774225773, 0.2982731554160126, 0.3076923076923077, 0.2947052947052947, 0.29395604395604397, 0.29450549450549446, 0.27943485086342235, 0.3003663003663004, 0.27472527472527475, 0.29609279609279615, 0.2939560439560439, 0.2549450549450549, 0.29816849816849816, 0.26373626373626374, 0.2683150183150183, 0.2857142857142857, 0.29670329670329676, 0.27106227106227104, 0.2710622710622711, 0.2841437530723245, 0.015172563038115186, 0.18181818181818182, 0.0, 0.0, 0.0, 0.0, 0.0, 0.0, 0.14285714285714285, 0.0, 0.23076923076923078, 0.1111111111111111, 0.0, 0.0, 0.0, 0.0, 0.0, 0.0, 0.18181818181818182, 0.0, 0.0, 0.042418692418692415, 0.07620271428780619, 3.028481012658228, 2.800629590766002, 3.1044866004215597, 2.9803754266211606, 2.961267605633803, 2.9575892857142856, 2.964403973509934, 2.996508075076386, 2.966666666666667, 3.280833815865663, 2.974638600050723, 2.9575181665735046, 3.090909090909091, 2.962962962962963, 2.854214123006834, 2.859060402684564, 2.9493975903614458, 3.2712504722327163, 2.903669724770642, 2.9017441860465114, 2.988330368626634, 0.11873675292396028
13, 0.2902930402930403, 0.24725274725274723, 0.26796280642434495, 0.2692307692307693, 0.31397174254317106, 0.2747252747252748, 0.29970029970029977, 0.29670329670329676, 0.2655677655677656, 0.2666666666666667, 0.26862026862026867, 0.29356357927786497, 0.25641025641025644, 0.271978021978022, 0.2731554160125588, 0.271978021978022, 0.28388278388278393, 0.2954104718810601, 0.29042386185243335, 0.2681318681318682, 0.27828144795662574, 0.016066685973398456, 0.0, 0.0, 0.0, 0.0, 0.0, 0.16666666666666666, 0.0, 0.0, 0.0, 0.0, 0.0, 0.0, 0.2222222222222222, 0.0, 0.0, 0.0, 0.0, 0.0, 0.0, 0.0, 0.01944444444444444, 0.058991001615542514, 2.9673300788584305, 2.85995085995086, 2.92534281361097, 2.9308814204185163, 2.990489776509748, 3.0850973751058426, 2.9790557330493432, 2.9743589743589745, 2.92722371967655, 2.9271781534460337, 2.933923705722071, 2.9690069576217586, 3.107171000788022, 2.9348159509202456, 2.9406850459482037, 2.937717987045341, 2.961400716275368, 2.9733859043863973, 2.9658314350797266, 2.9298021697511167, 2.9610324889261763, 0.0531236029690781
14, 0.30494505494505497, 0.30769230769230765, 0.3052503052503053, 0.3090659340659341, 0.31168831168831174, 0.32967032967032966, 0.3125, 0.30219780219780223, 0.3076923076923077, 0.3122710622710623, 0.3021978021978021, 0.31013431013431014, 0.3131868131868132, 0.31112637362637363, 0.2954822954822955, 0.3106227106227106, 0.3029827315541601, 0.315018315018315, 0.3091575091575091, 0.3003663003663004, 0.3086624288410003, 0.0068458732990352884, 0.0, 0.8, 0.2222222222222222, 0.1875, 0.0, 0.5714285714285714, 0.0625, 0.0, 0.0, 0.0, 0.1, 0.0, 0.0, 0.0, 0.0, 0.0, 0.0, 0.0, 0.0, 0.0, 0.09718253968253968, 0.2092948766586646, 2.929090909090909, 3.590513489991297, 2.9994022713687984, 3.1038713195201746, 2.9590466599530045, 3.159062103929024, 2.961725987323257, 2.9177631578947367, 2.947830578512397, 2.963454170350722, 2.915948915948916, 2.957286432160804, 2.965725806451613, 2.9584984844952205, 2.8371877890841812, 2.951375901683142, 2.915648854961832, 2.9646464646464645, 2.954604075315966, 2.899070385126162, 2.992587687890431, 0.1523087044955366
15, 0.0769230769230769, 0.052503052503052504, 0.060439560439560426, 0.06593406593406592, 0.11188811188811187, 0.06593406593406592, 0.08447802197802197, 0.07326007326007325, 0.10744810744810744, 0.039729501267962805, 0.1703296703296703, 0.0963651732882502, 0.10143702451394757, 0.05494505494505495, 0.07252747252747252, 0.06593406593406592, 0.04212454212454212, 0.05769230769230769, 0.0728021978021978, 0.0879120879120879, 0.0780303617322848, 0.02892970891336084, 0.0, 0.0, 0.0, 0.0, 0.0, 0.0, 0.0, 0.0, 0.0, 0.0, 0.0, 0.0, 0.0, 0.0, 0.0, 0.0, 0.0, 0.0, 0.0, 0.0, 0.0, 0.0, 2.919424460431655, 1.829268292682927, 2.895705521472393, 2.9111747851002865, 2.968968968968969, 2.9111747851002865, 2.8974719101123596, 1.894736842105263, 2.8398950131233596, 1.7555555555555555, 2.972644376899696, 2.9634517766497463, 2.902158273381295, 2.9637462235649545, 2.975683890577508, 2.9111747851002865, 1.7727272727272727, 1.85, 2.9166666666666665, 2.981707317073171, 2.6516668358646824, 0.48175874003237484
16, 0.051805337519623226, 0.039560439560439566, 0.06493506493506493, 0.07936507936507936, 0.09409340659340659, 0.039560439560439566, 0.14423076923076922, 0.11930926216640503, 0.03896103896103897, 0.07369101486748546, 0.07792207792207792, 0.01098901098901099, 0.09035409035409035, 0.03663003663003663, 0.01098901098901099, 0.07792207792207792, 0.0846153846153846, 0.09576138147566716, 0.04908424908424909, 0.03139717425431711, 0.06555881734978374, 0.03378243609809177, 0.0, 0.0, 0.0, 0.0, 0.0, 0.0, 0.0, 0.0, 0.0, 0.23529411764705882, 0.0, 0.0, 0.0, 0.0, 0.0, 0.0, 0.0, 0.0, 0.0, 0.0, 0.011764705882352941, 0.05128116404165497, 1.8387096774193548, 1.7647058823529411, 2.852112676056338, 2.972386587771203, 2.8554006968641117, 1.7647058823529411, 2.9707835325365206, 2.9593810444874276, 2.923076923076923, 3.5534188034188032, 2.820945945945946, 1.0, 1.9420289855072463, 2.9157088122605366, 1.0, 2.820945945945946, 2.8271186440677964, 2.8785714285714286, 1.8253968253968254, 1.6842105263157894, 2.4084804410174034, 0.7108790862583183
17, 0.26129426129426125, 0.27197802197802196, 0.2681318681318681, 0.2586644125105663, 0.24835164835164836, 0.29059829059829057, 0.24175824175824176, 0.26373626373626374, 0.26556776556776557, 0.27838827838827834, 0.23076923076923075, 0.23351648351648352, 0.25274725274725274, 0.25745682888540034, 0.24683009298393915, 0.2065934065934066, 0.29416737109044805, 0.2564102564102564, 0.2681318681318682, 0.3016983016983017, 0.25983950725708965, 0.02193866464107839, 0.1111111111111111, 0.0, 0.0, 0.0, 0.0, 0.0, 0.0, 0.0, 0.25, 0.0, 0.0, 0.0, 0.0, 0.0, 0.0, 0.0, 0.0, 0.0, 0.0, 0.0, 0.018055555555555554, 0.05844895947916892, 2.982932505818464, 2.9684282772820865, 2.9662162162162162, 2.9562078922040422, 2.927243330638642, 3.2294647588765235, 2.934640522875817, 2.9684065934065935, 3.282732447817837, 2.968215158924205, 2.900785854616896, 2.9168490153172866, 2.948821548821549, 2.937033084311633, 2.9412090959511925, 2.8265895953757227, 2.9831282952548333, 2.9474485910129475, 2.965340909090909, 2.9879984514130857, 2.9769846072613246, 0.09979460376556333
18, 0.3246753246753247, 0.31746031746031744, 0.32087912087912085, 0.3241758241758242, 0.3179487179487179, 0.323076923076923, 0.3208791208791209, 0.32067932067932065, 0.3245984784446323, 0.32087912087912085, 0.32005494505494503, 0.3223443223443223, 0.3252747252747253, 0.3142857142857142, 0.3230769230769231, 0.32527472527472523, 0.3196803196803197, 0.3223443223443223, 0.31768231768231764, 0.32692307692307687, 0.32160968305199067, 0.003111987666386126, 0.36363636363636365, 0.0, 0.7, 0.08333333333333333, 0.2, 0.2, 0.0, 0.45454545454545453, 0.38461538461538464, 0.0, 0.0, 0.08333333333333333, 0.0, 0.0, 0.2, 0.4, 0.0, 0.0, 0.0, 0.25, 0.16597319347319348, 0.19776486532553483, 3.1479591836734695, 2.9355755566082427, 3.4153632255822037, 2.9944190766108574, 3.05773606370876, 3.028828828828829, 2.9638514623726584, 3.1076791076791075, 3.134653961885657, 2.9640522875816995, 2.969599263012437, 3.167376263970197, 2.9812332439678286, 2.8853349426674715, 3.0309748940332573, 3.0489470688673874, 2.947331460674157, 2.966878083157153, 2.9371647509578542, 3.0968286099865048, 3.039089366791287, 0.11565470831445045
19, 0.2148962148962149, 0.2945054945054945, 0.21153846153846154, 0.22252747252747251, 0.3052503052503053, 0.2425431711145997, 0.26153846153846155, 0.25745682888540034, 0.2778649921507064, 0.24175824175824168, 0.23809523809523808, 0.23901098901098902, 0.2760989010989011, 0.32496075353218207, 0.25974025974025977, 0.31868131868131866, 0.25105663567202025, 0.19120879120879122, 0.2664835164835165, 0.27472527472527475, 0.2584970661206925, 0.034539600799236195, 0.1111111111111111, 0.4, 0.5, 0.75, 0.6666666666666666, 0.5, 0.6, 0.5714285714285714, 0.5714285714285714, 0.75, 0.4444444444444444, 0.5833333333333334, 0.625, 1.7142857142857142, 0.5454545454545454, 0.8, 1.0, 0.4, 0.25, 0.2, 0.5991576479076479, 0.32728301364098483, 2.9960526315789475, 3.574585635359116, 4.649583600256246, 4.2824858757062145, 3.8182479098509634, 3.6100352112676055, 3.4072745901639343, 4.051452784503632, 3.4508816120906802, 4.420326864147089, 3.766074709124311, 3.9186099679926842, 3.6621621621621623, 4.137904761904762, 3.688357680389553, 3.710997442455243, 4.019174041297935, 3.96875, 3.930681818181818, 3.3473082420200093, 3.8205473770226455, 0.3788904492219982
20, 0.29670329670329676, 0.2655677655677656, 0.21978021978021978, 0.27472527472527475, 0.28937728937728946, 0.30219780219780223, 0.2655677655677656, 0.27380952380952384, 0.3096903096903097, 0.25117739403453687, 0.2846153846153846, 0.32967032967032966, 0.3124018838304553, 0.3012820512820513, 0.2835164835164835, 0.29585798816568054, 0.2930402930402931, 0.2637362637362638, 0.3124018838304553, 0.29585798816568054, 0.2860488595653431, 0.024433904182880765, 0.0, 0.08333333333333333, 0.0, 0.0, 0.08333333333333333, 0.0, 0.3333333333333333, 0.0, 0.18181818181818182, 0.14285714285714285, 0.0, 0.0, 0.0, 0.4166666666666667, 0.0, 0.0, 0.0, 0.0, 0.0, 0.0, 0.06206709956709956, 0.11726692386232396, 2.971867007672634, 2.922207446808511, 2.0, 2.908704883227176, 2.957026214009454, 2.9816556914393226, 3.9065196548418024, 2.937313432835821, 3.214714714714715, 2.89413988657845, 2.9561712846347605, 2.9995238095238097, 2.9844398340248963, 3.349034225686208, 2.8925619834710745, 2.970773829292594, 2.973060845332095, 2.9865255052935513, 2.984102163148293, 2.968981793661497, 2.987966210309833, 0.319060234517001
21, 0.12857142857142856, 0.0899100899100899, 0.09340659340659341, 0.01098901098901099, 0.058326289095519845, 0.031746031746031744, 0.02655677655677656, 0.04175824175824176, 0.07326007326007325, 0.13947590870667792, 0.06193806193806193, 0.10143702451394757, 0.14585414585414583, 0.0521978021978022, 0.06593406593406594, 0.060439560439560426, 0.10089910089910091, 0.031746031746031744, 0.055944055944055944, 0.06193806193806194, 0.07161641777026392, 0.03663310332979053, 0.0, 0.0, 0.0, 0.0, 0.0, 0.0, 0.0, 0.0, 0.0, 0.0, 0.0, 0.0, 0.0, 0.0, 0.0, 0.0, 0.0, 0.0, 0.0, 0.0, 0.0, 0.0, 2.913352272727273, 2.829842931937173, 2.9237668161434978, 1.0, 2.9637795275590553, 1.68, 1.6071428571428572, 2.945945945945946, 1.894736842105263, 2.9235181644359463, 1.8644067796610169, 2.9052333804809054, 2.940661478599222, 2.8945868945868947, 2.9012345679012346, 2.896656534954407, 2.93033381712627, 1.68, 2.892857142857143, 1.8644067796610169, 2.472623136691256, 0.6235307373873816
22, 0.2607392607392608, 0.28983516483516486, 0.29450549450549457, 0.2884615384615385, 0.3052503052503053, 0.27629513343799056, 0.24725274725274726, 0.2976190476190477, 0.28571428571428575, 0.24725274725274726, 0.29304029304029305, 0.29970029970029977, 0.2650290885585003, 0.2930402930402931, 0.2668759811616955, 0.3012820512820513, 0.27472527472527475, 0.28571428571428575, 0.2668759811616955, 0.2808302808302809, 0.28100197771416263, 0.016851834355378053, 0.0, 0.0, 0.0, 0.0, 0.1111111111111111, 0.0, 0.0, 0.0, 0.0, 0.0, 0.0, 0.18181818181818182, 0.0, 0.0, 0.0, 0.3333333333333333, 0.0, 0.0, 0.0, 0.0, 0.031313131313131314, 0.08273584395848575, 2.896778916544656, 2.9603900060938453, 2.976950354609929, 2.95460358056266, 3.032744506678156, 2.9441295546558703, 2.860294117647059, 2.975972927241963, 2.963687150837989, 2.860294117647059, 2.973647711511789, 3.011156563778356, 2.928220627125047, 2.973647711511789, 2.931065353625783, 3.402395597280673, 2.947260273972603, 2.9693104822638503, 2.9306930693069306, 2.9575289575289574, 2.9725385790212484, 0.10689447427659397
23, 0.3274725274725274, 0.31868131868131866, 0.3061224489795919, 0.3139717425431711, 0.30219780219780223, 0.3052503052503053, 0.31135531135531136, 0.3052503052503053, 0.30969030969030975, 0.31013431013431014, 0.30369630369630374, 0.3159340659340659, 0.30219780219780223, 0.3090659340659341, 0.3195970695970696, 0.30219780219780223, 0.2967032967032967, 0.30969030969030975, 0.27472527472527475, 0.3076923076923077, 0.307581327402756, 0.010292263744952223, 0.2, 0.0, 0.0, 0.0, 0.08333333333333333, 0.0, 0.25, 0.2222222222222222, 0.0, 0.0, 0.18181818181818182, 0.0, 0.16666666666666666, 0.0, 0.08333333333333333, 0.0, 0.0, 0.18181818181818182, 0.0, 0.0, 0.06845959595959597, 0.09108533351104492, 2.9663299663299663, 2.985218874360432, 2.9598017621145374, 2.9674961909598783, 2.946308724832215, 2.943640897755611, 3.0063351282863477, 3.027586206896552, 2.9570086705202314, 2.949976403964134, 3.0440855521606287, 2.982222222222222, 3.1178192462495424, 3.015159171298636, 2.9837377387712958, 2.9250814332247557, 2.924686192468619, 3.0150956055015095, 2.0, 2.962852897473997, 2.934022144269556, 0.21882662269279402
24, 0.30549450549450546, 0.2731554160125589, 0.3000845308537617, 0.29670329670329676, 0.2925824175824176, 0.26609105180533754, 0.28434065934065933, 0.28728414442700156, 0.27032967032967037, 0.3095238095238095, 0.27032967032967037, 0.2802197802197803, 0.2884615384615385, 0.30515638207945905, 0.27802197802197803, 0.2832722832722833, 0.29670329670329676, 0.29010989010989013, 0.2802197802197802, 0.2872841444270016, 0.28726841229588485, 0.01216223519286968, 0.0, 0.0, 0.15384615384615385, 0.0, 0.125, 0.0, 0.0, 0.0, 0.0, 0.0, 0.2, 0.0, 0.0, 0.0, 0.0, 0.0, 0.0, 0.0, 0.0, 0.0, 0.023942307692307693, 0.058236138737295974, 2.9776785714285716, 2.9327242524916945, 3.044492175513961, 2.972395662175485, 3.0354027706516162, 2.8991507430997876, 2.952220520673813, 2.9610472541507025, 2.925400739827374, 2.9739583333333335, 3.2130862767805444, 2.9482173174872663, 2.9625688073394496, 2.979381443298969, 2.948706099815157, 3.320294784580499, 2.9743589743589745, 2.964655172413793, 2.9483805668016196, 2.962025316455696, 2.994807289133915, 0.09742701982042729
25, 0.30494505494505497, 0.2626373626373627, 0.31013431013431014, 0.2881562881562882, 0.3171114599686028, 0.29304029304029305, 0.2897102897102897, 0.2814877430262046, 0.32967032967032966, 0.2905982905982906, 0.2857142857142857, 0.32234432234432236, 0.3136863136863137, 0.29120879120879123, 0.26373626373626374, 0.3009298393913779, 0.2945054945054945, 0.2673992673992674, 0.2905982905982906, 0.29585798816568054, 0.2946736139318557, 0.017800213534680694, 0.0, 0.0, 0.6666666666666666, 0.2222222222222222, 0.0, 0.0, 0.0, 0.0, 0.0, 0.0, 0.0, 0.16666666666666666, 0.0, 0.0, 0.0, 0.0, 0.0, 0.0, 0.0, 0.0, 0.05277777777777777, 0.15262618742017944, 2.975126669737448, 2.794047619047619, 3.359149855907781, 3.139954853273138, 2.989135158626684, 2.9612625538020088, 2.9559489501852614, 2.9839786381842455, 2.998248686514886, 3.198529411764706, 2.948140900195695, 3.0792919495635305, 2.987577639751553, 2.953216374269006, 2.8615384615384616, 2.9712251557401363, 2.964156710197277, 2.8511627906976744, 2.958128078817734, 2.9670500466272927, 2.994843525222107, 0.12081131446087975
26, 0.30219780219780223, 0.31135531135531136, 0.3171114599686028, 0.315018315018315, 0.31768231768231775, 0.29059829059829057, 0.2857142857142857, 0.30769230769230765, 0.30969030969030975, 0.31013431013431014, 0.3120879120879121, 0.31711145996860285, 0.315018315018315, 0.32967032967032966, 0.3186813186813187, 0.30329670329670333, 0.31711145996860285, 0.31013431013431014, 0.31614539306847, 0.32478632478632474, 0.3115619118366371, 0.010036645387210273, 0.5, 0.4166666666666667, 0.0, 0.0, 0.0, 0.0, 0.0, 0.0, 0.0, 0.0, 1.2, 0.14285714285714285, 0.0, 0.0, 0.0, 0.0, 0.21428571428571427, 0.0, 0.3076923076923077, 0.2222222222222222, 0.1501862026862027, 0.28485759639157715, 3.3531157270029674, 3.3153262518968134, 2.9788583509513744, 2.9737118822292326, 2.96137339055794, 2.6983408748114632, 2.0, 3.212437585111212, 2.9509337239106554, 3.0695887934929957, 3.6002949852507373, 2.9625, 3.194891201513718, 3.055858310626703, 2.9758788811906594, 2.90076786769049, 3.18913676042677, 2.945386064030132, 3.1467404983639566, 3.1296493092454836, 3.030739522915165, 0.3034485219354176
27, 0.2731554160125589, 0.3014128728414443, 0.3166833166833167, 0.2802197802197802, 0.3016983016983017, 0.29670329670329676, 0.315541601255887, 0.29434850863422296, 0.29270729270729273, 0.28271728271728275, 0.27912087912087913, 0.3076923076923077, 0.2831783601014371, 0.29984301412872844, 0.30069930069930073, 0.30847723704866564, 0.2802197802197802, 0.3014128728414443, 0.27472527472527475, 0.28901098901098904, 0.2939783842531095, 0.012863528871769146, 0.0, 0.0, 0.18181818181818182, 0.0, 0.0, 0.0, 0.0, 0.14285714285714285, 0.0, 0.45454545454545453, 0.0, 0.0, 0.0, 0.0, 0.0, 0.0, 0.0, 0.2857142857142857, 0.0, 0.0, 0.05324675324675325, 0.11937460014335573, 2.931875525651808, 3.1232951445717405, 3.0915739268680444, 2.9460526315789473, 2.968673860076575, 2.9588477366255144, 2.967528562838244, 3.0293577981651376, 2.9605645496056456, 3.214765100671141, 2.9343786295005807, 2.983926521239954, 2.9449653485527927, 2.9681107099879664, 2.9712283290298784, 3.114440078585462, 2.9489795918367347, 3.2288828337874658, 2.935545628589662, 2.973055414336553, 3.0098023961049925, 0.09052423022539434
28, 0.24489795918367355, 0.26373626373626374, 0.2527472527472528, 0.28257456828885397, 0.2787212787212788, 0.2441130298273156, 0.25866441251056643, 0.29084249084249086, 0.261904761904762, 0.30280830280830284, 0.28571428571428575, 0.2673992673992674, 0.2417582417582418, 0.2857142857142857, 0.304945054945055, 0.2197802197802198, 0.249607535321821, 0.2142857142857143, 0.25274725274725274, 0.27080062794348514, 0.26368814030901944, 0.024123644993175333, 0.0, 0.0, 0.0, 0.0, 0.0, 0.0, 0.0, 0.0, 0.0, 0.0, 0.0, 0.0, 0.0, 0.0, 0.0, 0.0, 0.0, 0.0, 0.09090909090909091, 0.0, 0.004545454545454545, 0.01981317701609397, 2.906156604901375, 2.9478957915831665, 2.8983186549239393, 2.945132743362832, 2.9957850368809273, 2.8870208473436447, 2.941292550567341, 2.960526315789474, 2.9375, 2.9778481012658227, 2.972381448671183, 2.9457789979409745, 2.903409090909091, 2.9728682170542635, 2.983783783783784, 2.7890818858560795, 2.9037758830694274, 2.7149643705463182, 2.931657501963865, 2.9457910973997357, 2.923048446190662, 0.06528997110123815
29, 0.03406593406593407, 0.0879120879120879, 0.06528765352294763, 0.03663003663003663, 0.045177045177045176, 0.07081807081807082, 0.07936507936507936, 0.05201465201465199, 0.045177045177045176, 0.05494505494505495, 0.10566356720202873, 0.03896103896103896, 0.06693306693306693, 0.01098901098901099, 0.01098901098901099, 0.07252747252747252, 0.0725274725274725, 0.01098901098901099, 0.03150183150183151, 0.14285714285714285, 0.056766564255252026, 0.03210209698220737, 0.0, 0.0, 0.0, 0.0, 0.0, 0.0, 0.0, 0.0, 0.0, 0.0, 0.0, 0.0, 0.0, 0.0, 0.0, 0.0, 0.0, 0.0, 0.0, 0.0, 0.0, 0.0, 1.7, 2.9833333333333334, 2.976647206005004, 2.9458128078817736, 2.9602977667493797, 2.91725768321513, 2.9808917197452227, 2.965865992414665, 2.9602977667493797, 2.970074812967581, 2.986220472440945, 2.950617283950617, 2.9774718397997497, 1.0, 1.0, 2.979949874686717, 2.9787775891341255, 1.0, 2.9315403422982884, 2.992301112061591, 2.6078678801716753, 0.7293684403550851
30, 0.3017751479289941, 0.28571428571428575, 0.26373626373626374, 0.26510989010989006, 0.2857142857142857, 0.2657342657342658, 0.2857142857142857, 0.31013431013431014, 0.29827315541601257, 0.2905982905982906, 0.2857142857142857, 0.29120879120879123, 0.2967032967032967, 0.2857142857142857, 0.3269230769230769, 0.27985347985347986, 0.2897102897102897, 0.28492935635792777, 0.2945054945054945, 0.2787212787212787, 0.2883243908106546, 0.014547548807744896, 0.0, 0.0, 0.0, 0.0, 0.0, 0.0, 0.0, 0.0, 0.0, 0.0, 0.0, 0.0, 0.0, 0.0, 0.0, 0.0, 0.0, 0.0, 0.0, 0.0, 0.0, 0.0, 2.970517448856799, 2.9480360065466447, 2.8566591422121896, 2.8723010487353484, 2.947194719471947, 2.8804275217100868, 2.946182728410513, 2.9848101265822784, 2.9644032306311696, 2.9568489713998996, 2.948780487804878, 2.9545454545454546, 2.968625498007968, 2.948780487804878, 2.9863453815261045, 2.9125706829056113, 2.9622641509433962, 2.939909297052154, 2.970074812967581, 2.9226091763405195, 2.9420943187227713, 0.03517905583606519
31, 0.18315018315018317, 0.27692307692307694, 0.22832722832722835, 0.2571428571428571, 0.21153846153846148, 0.22802197802197802, 0.2032967032967033, 0.24175824175824176, 0.27387996618765853, 0.3076923076923077, 0.24175824175824173, 0.30402930402930406, 0.21245421245421248, 0.231990231990232, 0.24852071005917165, 0.2794348508634223, 0.22417582417582418, 0.27943485086342224, 0.2620456466610313, 0.2373626373626374, 0.2466468757128098, 0.032424945398872834, 0.0, 0.2, 0.0, 0.0, 0.0, 0.0, 0.0, 0.0, 0.0, 0.0, 0.0, 0.0, 0.3333333333333333, 0.0, 0.0, 0.0, 0.0, 0.8571428571428571, 0.0, 0.0, 0.06952380952380952, 0.19863707947511616, 2.460431654676259, 3.1906849315068495, 2.9108796296296298, 2.958654519971969, 2.9815533980582525, 2.9160353535353534, 2.898550724637681, 2.951310861423221, 2.973145197997269, 2.992090395480226, 2.946837146702557, 2.9809863339275102, 3.9066487575554065, 2.9398704902867716, 2.9569482288828337, 2.975165562913907, 2.9287020109689212, 3.3580901856763927, 2.9690033381020506, 2.9270346117867168, 3.0061311666859885, 0.2576930093932656
32, 0.27594627594627597, 0.2692307692307692, 0.28571428571428575, 0.2527472527472528, 0.28937728937728935, 0.31240188383045525, 0.2728937728937729, 0.2571428571428572, 0.28434065934065933, 0.2692307692307692, 0.2696534234995774, 0.2912087912087912, 0.26059654631083207, 0.29670329670329676, 0.2490842490842491, 0.28728414442700156, 0.3076923076923077, 0.30769230769230765, 0.26098901098901095, 0.28571428571428575, 0.2792822089388023, 0.018121636688189842, 0.0, 0.25, 0.0, 0.0, 0.0, 0.0, 0.08333333333333333, 0.0, 0.25, 0.0, 0.0, 0.0, 0.14285714285714285, 0.0, 0.0, 0.0, 0.18181818181818182, 0.2857142857142857, 0.0, 0.0, 0.059686147186147176, 0.09894301104477161, 2.957943925233645, 3.238828967642527, 2.944407233757535, 2.9123783031988872, 2.973293768545994, 2.990936555891239, 2.9526847421584264, 2.923943661971831, 3.010588235294118, 2.947976878612717, 3.2331521739130435, 2.9688418577307467, 3.0574506283662477, 2.965022421524664, 2.901098901098901, 2.962777380100215, 3.125626043405676, 3.013256484149856, 2.917668825161887, 3.0576992426974394, 3.00277881152278, 0.09437845100041986
33, 0.24332810047095757, 0.31456043956043955, 0.2813186813186813, 0.2893772893772894, 0.2490842490842491, 0.2992392223161454, 0.2778649921507064, 0.2934065934065934, 0.2692307692307692, 0.2934065934065934, 0.30549450549450546, 0.2625152625152625, 0.29070929070929075, 0.2692307692307692, 0.2831783601014371, 0.29945054945054944, 0.27472527472527475, 0.2747252747252747, 0.239010989010989, 0.2692307692307692, 0.27895439877582734, 0.01979835371552607, 0.0, 0.0, 0.0, 0.0, 0.0, 0.0, 0.0, 0.0, 0.0, 0.2, 0.0, 0.0, 0.0, 0.0, 0.0, 0.0, 0.0, 0.0, 0.0, 0.0, 0.01, 0.04358898943540674, 2.885204081632653, 2.993557623478883, 2.964962121212121, 3.04045996592845, 2.906005221932115, 2.9778471138845553, 2.9599714081486774, 2.978252114377769, 2.9491643454039, 3.2089490968801315, 2.986418870621873, 2.939106901217862, 2.9652658662092626, 2.961349262122277, 2.964494875549048, 2.9830028328611897, 2.958563535911602, 2.9532085561497325, 2.865336658354115, 2.9506849315068493, 2.9695902691691534, 0.06627561224109223
34, 0.07234432234432235, 0.05494505494505495, 0.07692307692307693, 0.11648351648351649, 0.054945054945054944, 0.02857142857142857, 0.02354788069073783, 0.06170752324598477, 0.0647130647130647, 0.08948194662480376, 0.02197802197802198, 0.03610675039246468, 0.06750392464678179, 0.01898101898101898, 0.0647130647130647, 0.06436420722135006, 0.07692307692307693, 0.06787330316742081, 0.0647130647130647, 0.1575091575091575, 0.06421642298662338, 0.03178902185830157, 0.0, 0.18181818181818182, 0.0, 0.2, 0.0, 0.0, 0.0, 0.0, 0.2222222222222222, 0.42857142857142855, 0.0, 0.0, 0.0, 0.0, 0.2222222222222222, 0.14285714285714285, 0.0, 0.11764705882352941, 0.2222222222222222, 0.6666666666666666, 0.1202113572701808, 0.17241773380374323, 2.710382513661202, 3.835483870967742, 2.903030303030303, 4.083950617283951, 1.8888888888888888, 1.6666666666666667, 1.5714285714285714, 2.7512953367875648, 3.4846153846153847, 4.3543658381134485, 1.5333333333333334, 1.7619047619047619, 2.891566265060241, 1.4444444444444444, 3.6996699669966997, 3.542944785276074, 2.946564885496183, 3.3297180043383947, 3.970976253298153, 3.595744680851064, 2.898348768622154, 0.9287864119166866
35, 0.2939560439560439, 0.29010989010989013, 0.3164835164835165, 0.29670329670329676, 0.23076923076923078, 0.30684699915469155, 0.28071928071928076, 0.25054945054945055, 0.2798965740142211, 0.2543171114599686, 0.2908855850032321, 0.2698412698412698, 0.2710622710622711, 0.27032967032967037, 0.27692307692307694, 0.2710622710622711, 0.28846153846153855, 0.26973026973026976, 0.2678571428571429, 0.2747252747252748, 0.2775614881957804, 0.019100767286436445, 0.25, 0.0, 0.0, 0.16666666666666666, 0.0, 0.07692307692307693, 0.0, 0.0, 0.0, 0.0, 0.0, 0.0, 0.0, 0.2, 0.0, 0.0, 0.16666666666666666, 0.0, 0.25, 0.0, 0.05551282051282051, 0.09078525499581323, 2.9993284083277367, 2.9783989834815756, 2.993937352643988, 3.3017329255861365, 2.8661417322834644, 2.9961977186311786, 2.952182952182952, 2.928270042194093, 2.966107497432386, 2.933589990375361, 2.9783096484667166, 2.94267955801105, 2.959507042253521, 2.981578947368421, 2.966093366093366, 2.9594594594594597, 3.100906582577848, 2.9580283064909714, 3.5232876712328767, 2.963728384647828, 3.012473328487047, 0.14404438979648107
36, 0.28846153846153844, 0.24175824175824176, 0.26542688081149624, 0.20146520146520147, 0.26373626373626374, 0.2037962037962038, 0.24725274725274723, 0.26785714285714285, 0.2778649921507064, 0.2628909551986475, 0.24725274725274726, 0.23922231614539308, 0.26373626373626374, 0.21978021978021978, 0.26373626373626374, 0.2590266875981162, 0.25902668759811615, 0.26373626373626374, 0.24725274725274726, 0.28777472527472525, 0.25355275447995224, 0.02310991236727134, 0.0, 0.0, 0.0, 0.0, 0.0, 0.0, 0.0, 0.0, 0.0, 0.0, 0.0, 0.0, 0.0, 0.0, 0.0, 0.0, 0.0, 0.0, 0.0, 0.0, 0.0, 0.0, 2.982931135962331, 2.970541820094687, 2.960727969348659, 2.8519637462235647, 2.955846279640229, 2.8287292817679557, 2.950517836593786, 2.9710743801652892, 2.968241042345277, 3.0191050779286073, 2.9510309278350517, 2.9280155642023344, 2.9679633867276887, 2.886107634543179, 2.9577464788732395, 2.9641025641025642, 2.9641025641025642, 2.9671280276816607, 2.950862068965517, 2.978356336260979, 2.948754706168258, 0.04355472489707807
37, 0.01098901098901099, 0.09065934065934066, 0.06693306693306694, 0.045177045177045176, 0.056776556776556776, 0.01098901098901099, 0.06227106227106225, 0.0889110889110889, 0.01098901098901099, 0.01098901098901099, 0.14774114774114774, 0.04330963154492566, 0.04761904761904762, 0.04945054945054945, 0.01098901098901099, 0.08948194662480376, 0.0901098901098901, 0.01098901098901099, 0.05128205128205129, 0.11355311355311355, 0.055460480229387786, 0.03809257471721735, 0.0, 0.0, 0.0, 0.0, 0.0, 0.0, 0.0, 0.0, 0.0, 0.0, 0.0, 0.0, 0.0, 0.0, 0.0, 0.0, 0.0, 0.0, 0.0, 0.0, 0.0, 0.0, 1.0, 2.793621013133208, 2.9794754846066134, 2.9599056603773586, 2.9098712446351933, 1.0, 2.9756380510440836, 2.9576837416481068, 1.0, 1.0, 2.9942561746122918, 2.889596602972399, 2.8976545842217485, 2.9682539682539684, 1.0, 2.9258426966292137, 2.8804123711340206, 1.0, 1.8148148148148149, 2.9908256880733943, 2.2968926048078204, 0.883634007138573
38, 0.28937728937728935, 0.1419413919413919, 0.16849816849816848, 0.15638207945900254, 0.2222222222222222, 0.2480376766091052, 0.25528317836010145, 0.2087912087912088, 0.2222222222222222, 0.22056514913657774, 0.23296703296703294, 0.1419413919413919, 0.2037962037962038, 0.2490842490842491, 0.2087912087912088, 0.22485207100591717, 0.19536019536019536, 0.2426739926739927, 0.19780219780219782, 0.2571428571428572, 0.21438659935912682, 0.03850660020274894, 0.6666666666666666, 0.16666666666666666, 0.3333333333333333, 0.3076923076923077, 0.4444444444444444, 0.5714285714285714, 1.0769230769230769, 0.8571428571428571, 0.0, 0.5714285714285714, 1.2, 0.16666666666666666, 0.45454545454545453, 0.4444444444444444, 1.0, 1.0, 0.0, 0.6666666666666666, 0.36363636363636365, 0.8, 0.5545843045843045, 0.3435388051731126, 3.5178764897074757, 3.401129943502825, 3.7176470588235295, 3.8271604938271606, 3.872549019607843, 3.7734994337485843, 4.0824432576769025, 4.078758949880668, 2.961800818553888, 4.010594196222939, 3.8183673469387753, 3.859863945578231, 3.765482233502538, 3.695040710584752, 4.124067164179104, 4.570955273329652, 2.9415692821368946, 3.9899598393574296, 3.939792387543253, 3.7617834394904457, 3.785517064209644, 0.3648219259264879
39, 0.01098901098901099, 0.09805579036348266, 0.1791208791208791, 0.10805860805860805, 0.07221350078492936, 0.10256410256410255, 0.07936507936507936, 0.06227106227106227, 0.0498168498168498, 0.04761904761904761, 0.01098901098901099, 0.07936507936507936, 0.13406593406593406, 0.04945054945054945, 0.01098901098901099, 0.060939060939060936, 0.05325443786982249, 0.10805860805860805, 0.206043956043956, 0.09999999999999999, 0.0811614789362042, 0.050026321208068214, 0.0, 0.0, 0.0, 0.0, 0.0, 0.0, 0.0, 0.0, 0.0, 0.0, 0.0, 0.0, 0.0, 0.0, 0.0, 0.0, 0.0, 0.0, 0.16666666666666666, 0.0, 0.008333333333333333, 0.03632415786283895, 1.0, 2.822975517890772, 2.7738095238095237, 2.932377049180328, 2.854, 1.9259259259259258, 2.981838819523269, 2.975169300225734, 2.89738430583501, 1.7936507936507937, 1.0, 2.9834070796460175, 2.993485342019544, 2.966292134831461, 1.0, 1.847457627118644, 1.819672131147541, 2.932377049180328, 3.098817966903073, 2.9589473684210525, 2.4278793967654506, 0.7389635926171539
40, 0.2897102897102898, 0.28296703296703296, 0.3113553113553113, 0.27472527472527475, 0.2823330515638208, 0.27472527472527475, 0.3159340659340659, 0.2930402930402931, 0.29304029304029305, 0.27472527472527475, 0.23351648351648352, 0.30219780219780223, 0.260989010989011, 0.30219780219780223, 0.29304029304029305, 0.2692307692307693, 0.31746031746031744, 0.2637362637362638, 0.2867132867132867, 0.29304029304029305, 0.2857339241954627, 0.019780678838368693, 0.0, 0.0, 0.0, 0.0, 0.07692307692307693, 0.0, 0.0, 0.0, 0.0, 0.0, 0.0, 0.0, 0.0, 0.75, 0.0, 0.0, 0.2222222222222222, 0.0, 0.18181818181818182, 0.0, 0.061548174048174045, 0.16957213398419554, 2.9688995215311005, 2.9500665778961386, 2.980964467005076, 2.9306868304977947, 2.952562473528166, 2.9226630800269, 2.991404011461318, 2.972378277153558, 3.0461305007587254, 2.920364050056883, 2.711206896551724, 2.9755226925038247, 2.9093419236079154, 4.538730634682659, 3.1621233859397417, 2.9000786782061367, 3.004725085910653, 2.921832884097035, 3.040627885503232, 2.9725738396624473, 3.0386441848290517, 0.3536250008137846
41, 0.31941391941391933, 0.32527472527472523, 0.31803490627020037, 0.3164835164835164, 0.31746031746031744, 0.3186813186813187, 0.3196803196803197, 0.3202511773940345, 0.32417582417582413, 0.318102949681897, 0.32747252747252753, 0.32478632478632474, 0.32527472527472523, 0.3167420814479638, 0.3212172442941673, 0.32234432234432236, 0.32692307692307687, 0.32417582417582413, 0.3241758241758242, 0.32339089481946626, 0.32170309101151473, 0.0034222626100923565, 0.13333333333333333, 0.4, 0.35294117647058826, 0.0, 0.0, 0.4, 0.0, 0.2857142857142857, 0.0, 0.0, 0.3, 0.0, 0.0, 0.0, 0.07692307692307693, 0.3333333333333333, 0.75, 0.25, 0.0, 0.0, 0.16411226028873088, 0.20461543150754133, 3.0045045045045047, 3.1728624535315983, 2.995543175487465, 2.901301518438178, 2.9197235513024986, 2.9983374896093102, 2.933385579937304, 2.9950248756218905, 2.9477434679334915, 2.9404355251921435, 3.0496562261268143, 2.9829157175398633, 2.9856978464573403, 2.929559092094965, 2.9686024551463643, 3.270306258322237, 3.336564351103931, 3.037105751391466, 2.980946123521682, 2.9792227779915352, 3.0164719370627293, 0.11154527390625527
42, 0.045177045177045176, 0.01098901098901099, 0.07509157509157507, 0.01098901098901099, 0.058326289095519845, 0.15521978021978022, 0.045177045177045176, 0.055860805860805836, 0.0809190809190809, 0.03528050896471948, 0.01098901098901099, 0.010989010989010988, 0.07392607392607392, 0.045177045177045176, 0.07081807081807082, 0.07016060862214707, 0.03983516483516483, 0.06227106227106227, 0.0782967032967033, 0.07016060862214707, 0.055282675601501505, 0.032748704201416574, 0.0, 0.0, 0.0, 0.0, 0.0, 0.0, 0.0, 0.0, 0.0, 0.0, 0.0, 0.0, 0.0, 0.0, 0.0, 0.0, 0.0, 0.0, 0.0, 0.0, 0.0, 0.0, 2.9615384615384617, 1.0, 2.869281045751634, 1.0, 2.9733978234582827, 2.975609756097561, 2.957070707070707, 2.906605922551253, 2.865296803652968, 1.7118644067796611, 1.0, 1.0, 1.8873239436619718, 2.9567430025445294, 2.9163722025912837, 2.865217391304348, 1.75, 2.9757869249394675, 2.918465227817746, 2.865217391304348, 2.3677895505532116, 0.7926869356949963
43, 0.29199372056514916, 0.27864992150706436, 0.2934065934065934, 0.3003663003663004, 0.26973026973026976, 0.2919937205651491, 0.29395604395604397, 0.29395604395604397, 0.2905982905982906, 0.2681318681318682, 0.29416737109044805, 0.2787212787212788, 0.304552590266876, 0.2731554160125589, 0.2948717948717949, 0.2794348508634223, 0.2857142857142857, 0.27692307692307694, 0.3064713064713065, 0.2893772893772894, 0.28780860165475547, 0.010763471764444529, 0.0, 0.07142857142857142, 0.0, 0.0, 0.0, 0.0, 0.0, 0.0, 0.0, 0.0, 0.0, 0.0, 0.0, 0.0, 0.0, 0.0, 0.0, 0.0, 0.0, 0.0, 0.0035714285714285713, 0.015567496226930978, 2.961235614778922, 2.9251194901752524, 2.95591542959964, 2.9656148867313914, 2.885314685314685, 2.9598765432098766, 2.9535283993115318, 2.954821564160972, 2.9588974854932304, 2.8888054094665665, 2.958065607034156, 2.9204671857619577, 2.978021978021978, 2.9114510894761243, 2.9554043839758126, 2.9274226804123713, 2.9495052882975092, 2.9269988412514483, 2.9657657657657657, 2.933456561922366, 2.9417844445080776, 0.02511428021789691
44, 0.11648351648351647, 0.01098901098901099, 0.05894105894105892, 0.13406593406593403, 0.0315018315018315, 0.04238618524332811, 0.07936507936507936, 0.05494505494505494, 0.01098901098901099, 0.11488511488511488, 0.1868131868131868, 0.09213863060016904, 0.03150183150183151, 0.051563820794590015, 0.07936507936507936, 0.0879120879120879, 0.14285714285714285, 0.03296703296703297, 0.01098901098901099, 0.16483516483516483, 0.07677473930221182, 0.05124908420627894, 0.0, 0.0, 0.0, 0.0, 0.0, 0.0, 0.0, 0.0, 0.0, 0.0, 0.0, 0.3076923076923077, 0.0, 0.0, 0.0, 0.0, 0.0, 0.0, 0.0, 0.0, 0.015384615384615385, 0.0670599837467796, 2.9341772151898735, 1.0, 2.9052369077306732, 2.9919678714859437, 2.9274611398963732, 1.7692307692307692, 2.981358189081225, 3.127659574468085, 1.0, 2.967596759675968, 2.995975855130785, 4.287878787878788, 2.9607843137254903, 2.8957816377171217, 2.9778085991678225, 2.980225988700565, 2.97886393659181, 2.9324675324675327, 1.0, 2.994638069705094, 2.680455657392196, 0.8119704917702139
45, 0.09390609390609389, 0.09636517328825021, 0.07005494505494504, 0.0497737556561086, 0.11388611388611389, 0.09690309690309688, 0.09768009768009768, 0.10164835164835163, 0.07936507936507936, 0.09805579036348266, 0.08974358974358974, 0.08199492814877428, 0.076007326007326, 0.045177045177045176, 0.0819180819180819, 0.07849293563579278, 0.06893106893106893, 0.06828885400313973, 0.06349206349206349, 0.1343101343101343, 0.08429972625593181, 0.020567975696548176, 0.0, 0.0, 0.0, 0.0, 0.0, 0.0, 0.0, 0.0, 0.0, 0.0, 0.0, 0.0, 0.0, 0.0, 0.0, 0.0, 0.0, 0.0, 0.0, 0.0, 0.0, 0.0, 2.9397590361445785, 3.1341222879684416, 2.902439024390244, 1.821917808219178, 2.754985754985755, 2.9247491638795986, 2.9550748752079867, 2.9652855543113104, 2.9761499148211246, 2.760752688172043, 2.9215358931552586, 2.9757785467128026, 2.942470389170897, 2.946308724832215, 3.3333333333333335, 2.9193548387096775, 2.8597560975609757, 2.8115942028985508, 2.907051282051282, 2.943127962085308, 2.884777368930528, 0.27182752249664716
46, 0.24575424575424573, 0.23406593406593404, 0.31043956043956045, 0.2578754578754578, 0.26373626373626374, 0.2271062271062271, 0.2612942612942613, 0.27197802197802196, 0.221978021978022, 0.2612942612942613, 0.3016983016983017, 0.29120879120879123, 0.21758241758241761, 0.24575424575424573, 0.2708006279434851, 0.2681318681318681, 0.17582417582417584, 0.22435897435897434, 0.2967032967032967, 0.23233908948194662, 0.2539962022104879, 0.032216100936440825, 0.0, 0.0, 0.0, 0.0, 0.0, 0.0, 0.0, 0.0, 0.0, 0.0, 0.0, 0.0, 0.0, 0.0, 0.0, 0.0, 0.0, 0.0, 0.0, 0.0, 0.0, 0.0, 2.9376285126799178, 2.889713679745493, 2.9917737789203085, 2.9305926321409506, 2.961106309420916, 2.9025974025974026, 2.957372466806429, 2.9686411149825784, 2.8881789137380194, 2.9586206896551723, 2.9876886417791897, 2.9825771324863886, 2.839064649243466, 2.9376712328767125, 2.960886571056063, 2.963443396226415, 2.0, 2.8665997993981946, 2.981536628945801, 2.885625965996909, 2.8895659759348162, 0.20849051440831268
47, 0.07936507936507936, 0.11355311355311354, 0.0879120879120879, 0.07252747252747252, 0.10329670329670329, 0.08791208791208789, 0.06227106227106226, 0.05494505494505494, 0.12087912087912087, 0.03296703296703297, 0.11355311355311354, 0.06868131868131867, 0.09890109890109888, 0.0879120879120879, 0.1456043956043956, 0.06693306693306691, 0.058326289095519845, 0.05294705294705293, 0.09890109890109888, 0.11355311355311354, 0.08604707258553412, 0.027181842215690612, 0.0, 0.0, 0.0, 0.0, 0.0, 0.0, 0.0, 0.0, 0.0, 0.0, 0.0, 0.0, 0.0, 0.0, 0.0, 0.0, 0.0, 0.0, 0.0, 0.0, 0.0, 0.0, 2.9753086419753085, 2.8801369863013697, 2.8353658536585367, 2.8666666666666667, 2.9326599326599325, 2.795918367346939, 2.9069767441860463, 1.8484848484848484, 2.852307692307692, 1.7, 2.8117647058823527, 2.9133333333333336, 1.9491525423728813, 2.978798586572438, 2.9206611570247936, 2.8607594936708862, 1.8615384615384616, 2.8943894389438944, 2.8846153846153846, 2.8906752411575565, 2.6779757039349663, 0.4233422604605617
48, 0.060439560439560426, 0.046310832025117744, 0.04945054945054945, 0.0769230769230769, 0.04175824175824176, 0.04945054945054945, 0.04945054945054945, 0.04007756948933419, 0.14285714285714285, 0.031746031746031744, 0.06227106227106227, 0.05594405594405593, 0.0879120879120879, 0.11904761904761903, 0.11126373626373626, 0.07326007326007326, 0.06043956043956043, 0.03434065934065934, 0.05769230769230769, 0.060439560439560426, 0.06555374131004384, 0.028582735144186078, 0.0, 0.0, 0.0, 0.0, 0.0, 0.0, 0.0, 0.0, 0.0, 0.0, 0.0, 0.0, 0.0, 0.0, 0.0, 0.0, 0.0, 0.0, 0.0, 0.0, 0.0, 0.0, 2.907563025210084, 2.886426592797784, 2.9587020648967552, 2.921015514809591, 2.9472140762463344, 2.9587020648967552, 2.9529780564263324, 2.870879120879121, 2.9908256880733943, 1.68, 2.970326409495549, 2.893805309734513, 2.980213089802131, 2.953712632594021, 2.9580209895052474, 1.894736842105263, 2.849056603773585, 1.7083333333333333, 1.85, 2.907563025210084, 2.702003721989494, 0.46257449648617377
49, 0.3208791208791209, 0.30329670329670333, 0.3003663003663004, 0.2668759811616955, 0.2857142857142857, 0.32967032967032966, 0.27252747252747256, 0.3199023199023199, 0.28571428571428575, 0.28083028083028083, 0.2668759811616955, 0.2919937205651491, 0.2897102897102897, 0.30262045646661034, 0.3136863136863137, 0.27692307692307694, 0.30329670329670333, 0.2857142857142857, 0.2945054945054945, 0.315018315018315, 0.2953060858555364, 0.017853418430267984, 0.0, 0.0, 0.0, 0.2857142857142857, 0.0, 0.0, 0.1, 0.2222222222222222, 0.0, 0.2222222222222222, 0.0, 0.5714285714285714, 0.0, 0.0, 0.18181818181818182, 0.0, 0.0, 0.0, 0.06666666666666667, 0.0, 0.0825036075036075, 0.1446191702484175, 2.9796403121818797, 2.977785491148907, 3.033903777849532, 3.193589743589744, 2.9508196721311477, 3.04300441826215, 3.073492981007432, 3.178511283260357, 3.0179540709812107, 3.0570703868103997, 2.8827433628318584, 3.5185185185185186, 2.9386882129277567, 3.089784946236559, 3.2387640449438204, 2.928, 2.969603693728357, 2.9494071146245058, 3.1452991452991452, 2.9885629040278467, 3.0577572040180567, 0.14129420742810297
50, 0.04902789518174132, 0.01098901098901099, 0.08706677937447169, 0.0521978021978022, 0.01098901098901099, 0.09890109890109888, 0.11648351648351647, 0.09780219780219779, 0.0879120879120879, 0.052503052503052504, 0.12087912087912087, 0.08706677937447166, 0.060439560439560426, 0.07252747252747253, 0.14468864468864467, 0.01098901098901099, 0.03434065934065934, 0.024332810047095765, 0.03434065934065934, 0.11126373626373626, 0.06823704531122114, 0.03918941231446352, 0.0, 0.0, 0.0, 0.0, 0.0, 0.0, 0.0, 0.0, 0.0, 0.0, 0.0, 0.0, 0.0, 0.0, 0.0, 0.0, 0.0, 0.0, 0.0, 0.0, 0.0, 0.0, 2.893150684931507, 1.0, 2.9274755927475593, 2.8983516483516483, 1.0, 2.9852724594992637, 2.8097560975609754, 2.8293333333333335, 2.9823529411764707, 1.829268292682927, 2.938288920056101, 2.9274755927475593, 2.908839779005525, 2.9765395894428153, 2.9668587896253604, 1.0, 1.7083333333333333, 1.5666666666666667, 1.7083333333333333, 2.973862536302033, 2.391507979539821, 0.7572707312348347
51, 0.3137973137973138, 0.2857142857142857, 0.24395604395604392, 0.26373626373626374, 0.2777222777222777, 0.2786499215070644, 0.3092621664050235, 0.24489795918367346, 0.23576423576423575, 0.2582417582417582, 0.24395604395604398, 0.27106227106227104, 0.28728414442700156, 0.2582417582417582, 0.2582417582417582, 0.2684458398744113, 0.28885400313971743, 0.2517482517482517, 0.24038461538461536, 0.2527472527472528, 0.26663540824255105, 0.02167152314271867, 0.0, 0.0, 0.0, 0.0, 0.0, 0.0, 0.0, 0.0, 0.0, 0.0, 0.0, 0.3333333333333333, 0.0, 0.0, 0.0, 0.0, 0.0, 0.0, 0.0, 0.0, 0.016666666666666666, 0.0726483157256779, 2.993359375, 2.950645406226272, 2.9302325581395348, 2.958904109589041, 2.9715536105032823, 2.9719945355191255, 2.990842490842491, 2.9051186017478154, 2.8850678733031674, 2.9507948523845573, 2.9302325581395348, 2.9156626506024095, 2.9754339993449066, 2.9456564855216185, 2.9523809523809526, 2.961300309597523, 2.980392156862745, 2.942124105011933, 2.923076923076923, 2.9448818897637796, 2.9489827721778807, 0.027643314848947734
52, 0.27747252747252754, 0.22527472527472528, 0.2256410256410257, 0.1991758241758242, 0.27001569858712715, 0.2327672327672328, 0.1904761904761905, 0.2664835164835165, 0.3035714285714286, 0.2604395604395605, 0.16263736263736264, 0.2670329670329671, 0.22291993720565154, 0.27001569858712715, 0.24285714285714283, 0.18681318681318682, 0.24475524475524477, 0.2948717948717949, 0.24175824175824173, 0.18315018315018317, 0.23840647447790309, 0.038094174086105735, 0.3333333333333333, 0.0, 0.0, 0.0, 0.0, 0.0, 0.0, 0.0, 0.25, 0.0, 0.0, 0.0, 0.14285714285714285, 0.0, 0.1, 0.0, 0.0, 0.0, 0.0, 0.0, 0.04130952380952381, 0.09216554107393526, 3.066585956416465, 2.942825112107623, 2.9405487804878048, 2.911660777385159, 2.975609756097561, 2.9426816786079835, 2.8958333333333335, 2.9660633484162897, 3.6187198898830006, 2.9655172413793105, 2.811320754716981, 2.9745065789473686, 3.1864268192968113, 2.977272727272727, 3.06385068762279, 2.8095238095238093, 3.197472353870458, 2.9885057471264367, 2.9306930693069306, 2.85, 3.0007809210899428, 0.17280408015782978
53, 0.10378510378510379, 0.046153846153846156, 0.14285714285714285, 0.0989010989010989, 0.15934065934065933, 0.08131868131868131, 0.14285714285714285, 0.07142857142857142, 0.10518053375196232, 0.12401883830455256, 0.0949050949050949, 0.07545787545787544, 0.01098901098901099, 0.0989010989010989, 0.0695970695970696, 0.14364207221350078, 0.10518053375196232, 0.040293040293040296, 0.09523809523809523, 0.05494505494505493, 0.09324952824952824, 0.03741202919347227, 0.0, 0.0, 0.0, 0.0, 0.0, 0.0, 0.0, 0.0, 0.0, 0.0, 0.0, 0.0, 0.0, 0.0, 0.0, 0.0, 0.0, 0.0, 0.0, 0.0, 0.0, 0.0, 2.838440111420613, 1.8, 2.963768115942029, 2.9837925445705022, 2.9719350073855244, 1.9142857142857144, 2.766756032171582, 2.9146341463414633, 2.874233128834356, 2.962025316455696, 2.96514745308311, 2.913657770800628, 1.0, 1.9411764705882353, 1.8888888888888888, 2.952492211838006, 2.8830409356725144, 1.7619047619047619, 2.793103448275862, 2.897280966767372, 2.5493281512613426, 0.5757866705695116
54, 0.2547452547452547, 0.25274725274725274, 0.2681318681318682, 0.25274725274725274, 0.28771228771228774, 0.2317682317682318, 0.2783882783882784, 0.2789518174133559, 0.25274725274725274, 0.25274725274725274, 0.2527472527472528, 0.22316145393068473, 0.24175824175824176, 0.2271062271062271, 0.2731554160125588, 0.23351648351648352, 0.22710622710622713, 0.25274725274725274, 0.26973026973026976, 0.29395604395604397, 0.25528358088797654, 0.020251837926667605, 0.0, 0.0, 0.0, 0.0, 0.0, 0.0, 0.0, 0.0, 0.0, 0.0, 0.0, 0.0, 0.0, 0.0, 0.0, 0.0, 0.0, 0.0, 0.0, 0.0, 0.0, 0.0, 2.9412157648630592, 2.948453608247423, 2.9631828978622328, 2.9460093896713615, 2.9781917310313495, 2.913151364764268, 2.9718056388722256, 2.965747330960854, 3.015067406819984, 2.9448398576512456, 2.9465534465534464, 2.891041162227603, 2.9324324324324325, 2.9019607843137254, 2.9627887082976905, 2.916943521594684, 2.8595271210013906, 2.944888888888889, 2.9576416714367486, 2.9761904761904763, 2.9438816601840543, 0.03389213251768635
55, 0.29670329670329676, 0.2953296703296704, 0.2953296703296704, 0.3067765567765568, 0.29120879120879123, 0.31135531135531136, 0.3029827315541601, 0.3043110735418428, 0.31318681318681324, 0.3090659340659341, 0.30969030969030975, 0.3021978021978022, 0.3052503052503053, 0.31868131868131866, 0.2930402930402931, 0.3000845308537617, 0.31868131868131866, 0.29120879120879123, 0.3090659340659341, 0.30219780219780223, 0.30381741274598417, 0.00817247763797736, 0.1, 0.0, 0.25, 0.0, 0.08333333333333333, 0.0, 0.2857142857142857, 0.0, 0.0, 0.0, 0.0, 0.0, 0.2222222222222222, 0.0, 0.0, 0.0, 0.2222222222222222, 0.0, 0.0, 0.0, 0.05817460317460317, 0.09801960021189214, 2.916044776119403, 2.895931142410016, 3.0525096525096527, 2.9638698118841447, 2.8791907514450865, 2.9747899159663866, 2.9628732849071833, 2.9565605474561143, 2.9766153846153847, 2.9698996655518393, 2.9707831325301206, 2.9494809688581314, 3.0181648812296227, 2.972491909385113, 2.904353562005277, 2.9415405777166437, 3.004360465116279, 2.8492706645056725, 2.967880085653105, 2.940823970037453, 2.9533717574951317, 0.046225702661334044
56, 0.28571428571428575, 0.27032967032967037, 0.3021978021978022, 0.28728414442700156, 0.30494505494505497, 0.2905982905982906, 0.29513343799058084, 0.30853761622992393, 0.30402930402930406, 0.26862026862026867, 0.31318681318681313, 0.32967032967032966, 0.271978021978022, 0.2761904761904762, 0.3026973026973028, 0.3125763125763126, 0.2625152625152625, 0.31868131868131866, 0.32600732600732596, 0.2802197802197802, 0.2955556409402563, 0.019312883387146394, 0.7777777777777778, 0.0, 0.0, 0.0, 0.0, 0.0, 0.0, 0.0, 0.0, 0.0, 0.0, 0.0, 0.0, 0.0, 0.0, 0.0, 0.0, 0.0, 0.0, 0.0, 0.03888888888888889, 0.16951273669324846, 3.999056603773585, 2.9262899262899262, 2.934256055363322, 2.946508172362556, 2.9820647419072617, 2.9839857651245554, 2.988264360716492, 2.9785492520462884, 2.969665985003408, 2.9025974025974026, 2.988279168886521, 2.9989159891598915, 2.908347927612376, 2.9289441991168204, 2.9791597750578895, 2.9845399698340875, 2.8553326293558605, 2.9926666666666666, 2.9937745740498034, 2.9496221662468516, 3.009541066558578, 0.23003409535162722
57, 0.304552590266876, 0.3252747252747253, 0.3096903096903097, 0.315018315018315, 0.315018315018315, 0.31648351648351647, 0.315018315018315, 0.3186813186813187, 0.3056943056943057, 0.3052503052503053, 0.3164835164835165, 0.31168831168831174, 0.3136863136863137, 0.3076923076923077, 0.30280830280830284, 0.30769230769230765, 0.3076923076923077, 0.30915750915750917, 0.3108320251177394, 0.30402930402930406, 0.3111222111222111, 0.005635485761756443, 0.0, 0.1, 0.18181818181818182, 0.0, 0.2, 0.2, 0.0, 0.0, 0.0, 0.0, 0.0, 0.7272727272727273, 0.0, 0.0, 0.0, 0.16666666666666666, 0.18181818181818182, 0.0, 0.14285714285714285, 0.0, 0.09502164502164503, 0.16622951045237774, 2.9314420803782504, 3.0397914379802415, 3.2910994764397907, 2.9725593667546173, 2.9894256188416244, 3.106219426974144, 2.9696969696969697, 3.0065040650406503, 2.93259385665529, 2.936427850655903, 3.029032258064516, 3.5915637860082303, 2.970440437481525, 2.915549597855228, 2.913148371531966, 2.9515915119363396, 3.1187474583163888, 3.1637953882851844, 2.9967177242888403, 2.928657799274486, 3.03775022412301, 0.15794413572826674
58, 0.27032967032967037, 0.2872841444270016, 0.2967032967032967, 0.28471528471528473, 0.30989010989010984, 0.2925824175824176, 0.25902668759811615, 0.27472527472527475, 0.2925824175824176, 0.2794348508634223, 0.26785714285714285, 0.29010989010989013, 0.32967032967032966, 0.31868131868131866, 0.26373626373626374, 0.26673326673326675, 0.3076923076923077, 0.28571428571428575, 0.29434850863422296, 0.2937728937728938, 0.28827951810094665, 0.018170751600364903, 0.0, 0.0, 0.0, 0.18181818181818182, 0.0, 0.625, 0.0, 0.0, 0.0, 0.0, 0.0, 0.0, 0.875, 0.4444444444444444, 0.0, 0.0, 0.0, 0.0, 0.0, 0.0, 0.10631313131313132, 0.24091378931530028, 2.924812030075188, 2.9792617171298215, 3.1091290661070303, 3.134664618535586, 2.9849004804392587, 3.1597337770382694, 2.8766788766788767, 2.905027932960894, 2.967656415694592, 2.937550689375507, 2.914983164983165, 3.0483075911929016, 3.6212593516209477, 3.485263594852636, 2.8959390862944163, 2.9115987460815047, 2.9842489435267, 2.9380087664370693, 2.962070073931212, 2.9496975485514167, 3.03453962357535, 0.1903802647217499
59, 0.1282051282051282, 0.10769230769230768, 0.14285714285714285, 0.026687598116169553, 0.10904480135249364, 0.0869130869130869, 0.05703819989534275, 0.0989010989010989, 0.04569115095430885, 0.18131868131868134, 0.07692307692307691, 0.1554160125588697, 0.15018315018315018, 0.10378510378510378, 0.18681318681318682, 0.09680795395081108, 0.16169544740973313, 0.10689310689310688, 0.10832025117739404, 0.10566356720202873, 0.11184250265511109, 0.04157008763430764, 0.0, 0.0, 0.0, 0.0, 0.0, 0.0, 0.0, 0.0, 0.0, 0.0, 0.0, 0.0, 0.0, 0.0, 0.0, 0.0, 0.0, 0.0, 0.0, 0.0, 0.0, 0.0, 2.934108527131783, 2.8363636363636364, 2.9393939393939394, 1.606060606060606, 2.903387703889586, 2.9509933774834436, 2.7915742793791574, 2.9849931787175987, 1.7894736842105263, 2.9605150214592273, 1.8955223880597014, 2.889617486338798, 2.966277561608301, 2.9892008639308854, 2.9852164730728616, 2.911184210526316, 2.9365918097754293, 2.9289405684754524, 2.950469684030743, 2.98721399730821, 2.75685494986081, 0.42254620769543044
60, 0.045177045177045176, 0.03896103896103897, 0.05494505494505495, 0.0879120879120879, 0.038461538461538464, 0.01098901098901099, 0.07326007326007326, 0.07692307692307691, 0.04761904761904761, 0.04761904761904762, 0.06373626373626373, 0.07535321821036109, 0.0789210789210789, 0.07092907092907091, 0.01098901098901099, 0.19695688926458155, 0.027895181741335595, 0.14285714285714285, 0.07892107892107893, 0.12401883830455258, 0.06962223978707495, 0.04329484215791745, 0.0, 0.0, 0.0, 0.0, 0.0, 0.0, 0.0, 0.0, 0.0, 0.0, 0.0, 0.0, 0.0, 0.0, 0.0, 0.0, 0.0, 0.0, 0.0, 0.0, 0.0, 0.0, 2.9602977667493797, 2.950617283950617, 1.8333333333333333, 2.9849246231155777, 1.7407407407407407, 1.0, 2.869369369369369, 2.9239904988123517, 1.8, 1.8, 2.9148936170212765, 2.1551724137931036, 2.873589164785553, 1.8823529411764706, 1.0, 2.95726080621661, 1.625, 2.9424460431654675, 2.873589164785553, 2.9375, 2.35125388835077, 0.6833095959562335
61, 0.04945054945054945, 0.05325443786982247, 0.01098901098901099, 0.12747252747252746, 0.01098901098901099, 0.03465765004226543, 0.05128205128205128, 0.07967032967032966, 0.01098901098901099, 0.07252747252747252, 0.0901098901098901, 0.04175824175824176, 0.01098901098901099, 0.08791208791208792, 0.07185122569737953, 0.08864468864468862, 0.01098901098901099, 0.0989010989010989, 0.1161695447409733, 0.032967032967032975, 0.05757869419957332, 0.03622366574876635, 0.0, 0.0, 0.0, 0.0, 0.0, 0.0, 0.0, 0.0, 0.0, 0.0, 0.0, 0.0, 0.0, 0.2857142857142857, 0.0, 0.4, 0.0, 0.0, 0.0, 0.0, 0.03428571428571429, 0.1044323821856975, 2.9661016949152543, 2.8997722095671983, 1.0, 2.971636952998379, 1.0, 2.936548223350254, 1.8148148148148149, 2.921658986175115, 1.0, 2.97875, 2.8730853391684903, 2.9566265060240964, 1.0, 4.393782383419689, 2.860869565217391, 4.3650680028632785, 1.0, 2.9877600979192165, 2.9741219963031424, 2.892857142857143, 2.539672695779673, 1.0257908775002837
62, 0.0782967032967033, 0.08547008547008546, 0.03896103896103897, 0.14116652578191038, 0.07936507936507936, 0.12087912087912085, 0.10329670329670329, 0.07016060862214707, 0.07936507936507936, 0.03663003663003663, 0.0949050949050949, 0.1098901098901099, 0.07016060862214707, 0.05714285714285714, 0.0949050949050949, 0.09546703296703296, 0.1242603550295858, 0.12287712287712287, 0.046703296703296704, 0.08278388278388277, 0.08663432187470649, 0.028178513496503226, 0.0, 0.0, 0.0, 0.0, 0.0, 0.0, 0.0, 0.0, 0.0, 0.0, 0.18181818181818182, 0.0, 0.0, 0.0, 0.0, 0.0, 0.0, 0.0, 0.0, 0.0, 0.00909090909090909, 0.03962635403218794, 2.8894645941278068, 2.863013698630137, 1.7567567567567568, 2.9509090909090907, 2.9707602339181287, 2.956439393939394, 2.9285714285714284, 1.8974358974358974, 3.4834782608695654, 1.736842105263158, 4.360398860398861, 2.5238095238095237, 2.934086629001883, 1.8571428571428572, 2.921245421245421, 2.9976525821596245, 2.778313253012048, 2.8875638841567293, 2.878787878787879, 2.742690058479532, 2.765768120430786, 0.5946167540415898
63, 0.12637362637362637, 0.105006105006105, 0.06227106227106227, 0.07936507936507936, 0.10073260073260072, 0.08091908091908091, 0.07509157509157507, 0.07081807081807082, 0.01098901098901099, 0.08791208791208789, 0.04464285714285714, 0.04945054945054945, 0.045177045177045176, 0.105006105006105, 0.11868131868131866, 0.02874049027895182, 0.03896103896103897, 0.14085914085914084, 0.1936813186813187, 0.13919413919413917, 0.08519361514553822, 0.04351770279222908, 0.0, 0.0, 0.0, 0.0, 0.0, 0.0, 0.0, 0.0, 0.0, 0.0, 0.0, 0.0, 0.0, 0.0, 0.0, 0.0, 0.0, 0.09090909090909091, 0.0, 0.0, 0.004545454545454545, 0.01981317701609397, 2.989130434782609, 2.9317904993909867, 2.9754299754299756, 2.9827373612823673, 2.9320843091334896, 2.8716814159292037, 2.8675496688741724, 3.709039548022599, 1.0, 2.927570093457944, 2.8878718535469106, 2.961340206185567, 2.9609756097560975, 2.958128078817734, 2.931873479318735, 1.6363636363636365, 2.9473684210526314, 2.973035439137134, 2.7858546168958744, 2.8852459016393444, 2.8057535274508507, 0.5358010696230233
64, 0.30219780219780223, 0.2857142857142857, 0.2967032967032967, 0.29356357927786497, 0.3017751479289941, 0.30549450549450546, 0.30575307045895284, 0.3016983016983017, 0.3008241758241758, 0.2989010989010989, 0.30008453085376163, 0.2848689771766695, 0.2912087912087912, 0.30402930402930406, 0.31240188383045525, 0.2898351648351648, 0.3076923076923076, 0.29010989010989013, 0.29816849816849816, 0.2820512820512821, 0.2976537947077701, 0.008013821708230662, 0.25, 0.0, 0.07692307692307693, 0.0, 0.0, 0.0, 0.0, 0.0, 0.0, 0.0, 0.0, 0.07692307692307693, 0.0, 0.0, 0.14285714285714285, 0.0, 0.0, 0.0, 0.0, 0.0, 0.02733516483516484, 0.0631657573613349, 3.0979045001717624, 3.146011038635223, 2.9526294660778802, 2.91722972972973, 2.9615384615384617, 2.96982915303526, 2.968763557483731, 2.977515665315149, 2.961615154536391, 2.9664480322906157, 2.9611111111111112, 2.9326226012793177, 2.9490084985835696, 2.9741379310344827, 2.987732848705134, 2.9308050565535595, 2.966576819407008, 2.935483870967742, 2.9515652687536917, 2.906049822064057, 2.970728929363694, 0.054792751001923164
65, 0.10256410256410256, 0.05794205794205793, 0.09706959706959706, 0.12576312576312576, 0.04175824175824176, 0.10439560439560439, 0.0989010989010989, 0.04175824175824176, 0.10439560439560439, 0.0934065934065934, 0.08477237048665619, 0.07252747252747252, 0.024908424908424917, 0.06318681318681318, 0.01098901098901099, 0.06318681318681318, 0.17268445839874408, 0.03418803418803419, 0.09044801352493659, 0.0706436420722135, 0.07777446607116936, 0.03692007326037744, 0.0, 0.0, 0.0, 0.0, 0.0, 0.0, 0.0, 0.0, 0.0, 0.0, 0.0, 0.0, 0.0, 0.0, 0.0, 0.0, 0.0, 0.0, 0.0, 0.0, 0.0, 0.0, 2.9584415584415584, 2.9097560975609755, 2.933333333333333, 2.940520446096654, 2.9539641943734014, 2.838337182448037, 2.983448275862069, 2.9539641943734014, 2.844943820224719, 2.958227848101266, 2.9238578680203045, 2.9773936170212765, 1.5757575757575757, 1.8636363636363635, 1.0, 1.8636363636363635, 2.976063829787234, 1.7037037037037037, 2.9309494451294698, 1.8837209302325582, 2.548682832387013, 0.6144008509648062
66, 0.23390894819466254, 0.23565323565323565, 0.2541208791208791, 0.27032967032967037, 0.28571428571428575, 0.2692307692307692, 0.28693528693528697, 0.3095238095238095, 0.25824175824175827, 0.2454212454212454, 0.27629513343799067, 0.26520146520146526, 0.2919937205651491, 0.24505494505494507, 0.28434065934065933, 0.2778649921507064, 0.290521978021978, 0.2778649921507065, 0.31456043956043955, 0.2798965740142211, 0.2726337393931932, 0.021722518866852995, 0.0, 0.0, 0.0, 0.0, 0.18181818181818182, 0.0, 0.0, 0.0, 0.08333333333333333, 0.0, 0.2857142857142857, 0.0, 0.0, 0.0, 0.0, 0.0, 0.0, 0.0, 0.0, 0.0, 0.027543290043290043, 0.07295967797940255, 2.8741784037558684, 2.845873786407767, 2.9209383145091223, 2.9431334622823986, 3.033471074380165, 2.951072386058981, 2.966599190283401, 2.989403234802008, 3.066240557815224, 2.861720067453626, 3.488813559322034, 2.9340567612687813, 2.9697923222152296, 2.8926458157227386, 2.96986301369863, 2.9625850340136055, 3.019889502762431, 3.0611875452570603, 2.9915151515151517, 2.956024096385542, 2.9849501639954883, 0.1298017673841652
67, 0.2728937728937729, 0.29304029304029305, 0.29304029304029305, 0.293040293040293, 0.2564102564102564, 0.25974025974025977, 0.26739926739926745, 0.28257456828885397, 0.2838827838827838, 0.2897102897102898, 0.2857142857142857, 0.2907861369399831, 0.28351648351648356, 0.27838827838827845, 0.260989010989011, 0.27472527472527475, 0.2637362637362638, 0.26862026862026867, 0.28571428571428575, 0.284981684981685, 0.27844520253860916, 0.01174452885710178, 0.0, 0.8333333333333334, 0.0, 0.0, 0.0, 0.0, 0.0, 0.0, 0.16666666666666666, 0.36363636363636365, 0.0, 0.0, 0.0, 0.0, 0.0, 0.0, 0.0, 0.0, 0.0, 0.13333333333333333, 0.07484848484848486, 0.19495967419910207, 2.9155920281359906, 3.7655677655677655, 2.9718706047819974, 3.178289000718907, 2.8458844133099825, 2.911242603550296, 2.9249670908293113, 2.9600825877494836, 2.990740740740741, 3.5849923430321593, 2.902697495183044, 2.95850622406639, 2.969505178365938, 2.9448233106013637, 2.9178910976663786, 2.9490616621983916, 2.925490196078431, 2.9371277299801455, 2.983067729083665, 3.1250405975966222, 3.0331220199618505, 0.22747935754674806
68, 0.2747252747252748, 0.30109890109890103, 0.2727860374919198, 0.2945054945054945, 0.2731554160125588, 0.29870129870129875, 0.24175824175824176, 0.26373626373626374, 0.2731554160125588, 0.30769230769230765, 0.29370629370629375, 0.26373626373626374, 0.3118131868131868, 0.2857142857142857, 0.28388278388278393, 0.2327672327672328, 0.2417582417582418, 0.276923076923077, 0.2919937205651491, 0.27895181741335595, 0.2781280777507345, 0.02116903024690617, 0.08333333333333333, 0.0, 0.0, 0.0, 0.0, 0.0, 0.0, 0.0, 0.2857142857142857, 0.0, 0.0, 0.0, 0.0, 0.0, 0.0, 0.0, 0.0, 0.0, 0.0, 0.0, 0.01845238095238095, 0.0639403199278175, 2.9711975745325923, 2.9723247232472323, 3.0965765765765765, 3.2314009661835748, 2.962361623616236, 2.980243161094225, 2.9055555555555554, 2.9482587064676617, 3.3240181268882174, 2.9842001316655695, 2.972488536890371, 2.9504373177842567, 2.966830466830467, 2.955727725511898, 2.9549046954904696, 2.8382838283828384, 2.9055555555555554, 2.965356429047302, 2.969283276450512, 2.9678744863653344, 2.9911439732068223, 0.10679335899330428
69, 0.3052503052503053, 0.32280219780219777, 0.2967032967032967, 0.32967032967032966, 0.30219780219780223, 0.3035714285714286, 0.3052503052503053, 0.32280219780219777, 0.30219780219780223, 0.29890109890109895, 0.30151098901098905, 0.3250915750915751, 0.3076923076923077, 0.2947052947052947, 0.29304029304029305, 0.3014128728414443, 0.315934065934066, 0.30659340659340667, 0.3169907016060863, 0.30082417582417587, 0.3076571223343202, 0.010472443879514636, 0.0, 0.1875, 0.0, 0.0, 0.0, 0.5, 0.6666666666666666, 0.0, 0.0, 0.1, 0.0, 0.0, 0.0, 0.0, 0.0, 0.0, 0.0, 0.2, 0.0, 0.0, 0.08270833333333333, 0.17927455569445552, 2.95843935538592, 3.089480495470512, 2.9271255060728745, 2.9888524590163934, 2.9368913128165173, 4.051601423487544, 3.934817170111288, 2.9918673756646856, 2.9502074688796682, 2.9246171967020023, 2.92875, 2.9946032380571657, 3.0035349567949723, 2.916, 2.9040755467196817, 2.950368879946345, 2.9815489196406895, 3.1206572769953054, 3.0253488372093025, 2.9242718446601943, 3.075152963181553, 0.31139074513048604
70, 0.2081043956043956, 0.2967032967032967, 0.21217244294167376, 0.1936813186813187, 0.2230769230769231, 0.2600732600732601, 0.21703296703296704, 0.15567765567765568, 0.23704866562009416, 0.23992673992673993, 0.2875457875457876, 0.2700156985871271, 0.22992392223161454, 0.1703296703296703, 0.2527472527472528, 0.22527472527472525, 0.2043956043956044, 0.2406593406593407, 0.20565149136577707, 0.22710622710622713, 0.22785736927907257, 0.03438737483069796, 0.25, 0.5714285714285714, 0.23076923076923078, 0.125, 0.5, 1.3333333333333333, 0.25, 0.16666666666666666, 0.8571428571428571, 0.3333333333333333, 0.16666666666666666, 1.8571428571428572, 0.3076923076923077, 0.08333333333333333, 0.4, 0.5, 0.4, 0.3, 0.5714285714285714, 0.2222222222222222, 0.47130799755799757, 0.4238770884145588, 3.809921186833565, 3.743753322700691, 3.181882519462137, 3.136812411847673, 4.028555431131019, 4.184948979591836, 3.2362030905077264, 3.248407643312102, 4.399765533411489, 4.047442550037064, 3.3566146261298275, 4.382303839732888, 3.3344690516751845, 3.223922114047288, 3.703638290356764, 3.991636798088411, 3.548281505728314, 3.520628683693517, 4.646864686468647, 3.7910883856829805, 3.7258570325219567, 0.44427635279217603
71, 0.26973026973026976, 0.2133699633699634, 0.2857142857142857, 0.253968253968254, 0.2762951334379906, 0.24065934065934064, 0.231990231990232, 0.25274725274725274, 0.21578421578421578, 0.21611721611721613, 0.20408163265306123, 0.21978021978021978, 0.23547880690737838, 0.2564102564102564, 0.2651098901098901, 0.25641025641025644, 0.19780219780219782, 0.23809523809523814, 0.2297702297702298, 0.23282967032967034, 0.239607228089371, 0.023879841036628994, 0.0, 0.0, 0.0, 0.0, 0.07142857142857142, 0.0, 0.0, 0.0, 0.0, 0.0, 0.0, 0.0, 0.0, 0.0, 0.0, 0.0, 0.0, 0.0, 0.0, 0.0, 0.0035714285714285713, 0.015567496226930978, 2.977228366948601, 2.9399606299212597, 2.987983978638184, 2.9629248197734293, 3.145671641791045, 2.9430523917995446, 2.959007551240561, 2.936, 2.931315483119907, 2.9573643410852712, 2.9536082474226806, 2.9536082474226806, 2.985074626865672, 2.9762532981530345, 3.027491408934708, 2.9734432234432235, 2.9319899244332492, 3.0296411856474257, 2.9594713656387666, 2.9536082474226806, 2.9742349489850963, 0.04742958332561076
72, 0.23695054945054944, 0.26711749788672867, 0.28449328449328454, 0.24786324786324787, 0.26098901098901095, 0.24852071005917156, 0.2653061224489796, 0.24725274725274726, 0.20604395604395603, 0.282574568288854, 0.24587912087912087, 0.21036106750392464, 0.21978021978021978, 0.24761904761904763, 0.25145442792501616, 0.25934065934065936, 0.20146520146520147, 0.26373626373626374, 0.28257456828885397, 0.2637362637362638, 0.24965292675255504, 0.023878694287699564, 0.0, 0.0, 0.0, 0.0, 0.25, 0.0, 0.0, 0.0, 0.0, 0.0, 0.0, 0.0, 0.0, 0.0, 0.0, 0.0, 0.0, 0.0, 0.0, 0.0, 0.0125, 0.05448623679425841, 2.9361702127659575, 2.958924949290061, 2.974969474969475, 2.9410745233968805, 3.0376398779247205, 2.92318339100346, 2.9590973201692523, 2.9356153219233905, 2.8501742160278747, 2.9771341463414633, 2.922835633626098, 2.7949367088607593, 2.8933823529411766, 2.952859836580767, 2.945278022947926, 2.9508896797153024, 2.8434504792332267, 3.054989816700611, 2.977064220183486, 2.940532081377152, 2.938510113298952, 0.0587119418625137
73, 0.09114414996767937, 0.01098901098901099, 0.10904480135249364, 0.04761904761904761, 0.15164835164835164, 0.07326007326007326, 0.01098901098901099, 0.11538461538461538, 0.04761904761904762, 0.05494505494505495, 0.14725274725274726, 0.14285714285714285, 0.14774114774114774, 0.11355311355311354, 0.040293040293040296, 0.13797313797313798, 0.11538461538461538, 0.08571428571428572, 0.06593406593406594, 0.0989010989010989, 0.09041237796893906, 0.04384417877135031, 0.0, 0.0, 0.0, 0.0, 0.0, 0.0, 0.0, 0.0, 0.0, 0.0, 0.2, 0.0, 0.1111111111111111, 0.0, 0.0, 0.0, 0.0, 0.0, 0.0, 0.0, 0.015555555555555555, 0.04873713822102514, 2.9460132890365447, 1.0, 2.9066666666666667, 1.8, 2.7804878048780486, 2.8611764705882354, 1.0, 2.961441213653603, 1.8, 1.8333333333333333, 4.096385542168675, 2.9414634146341463, 3.090768037238169, 2.987599645704163, 1.7547169811320755, 2.9747687132043734, 2.9625468164794007, 2.8758620689655174, 1.8695652173913044, 3.5697211155378485, 2.5506258165306055, 0.795847432967638
74, 0.271978021978022, 0.3186813186813187, 0.260989010989011, 0.32967032967032966, 0.26007326007326004, 0.26204564666103136, 0.29770229770229767, 0.2497502497502498, 0.27838827838827845, 0.3032967032967034, 0.27472527472527475, 0.2668759811616955, 0.27049873203719366, 0.28571428571428575, 0.28740490278951825, 0.28571428571428575, 0.2930402930402931, 0.27252747252747256, 0.26373626373626374, 0.24725274725274726, 0.2790032677944766, 0.02101871537150016, 0.0, 0.0, 0.0, 0.2857142857142857, 0.0, 0.0, 0.0, 0.0, 0.0, 0.2, 0.0, 0.0, 0.0, 0.0, 0.0, 0.0, 0.0, 0.0, 0.0, 0.0, 0.024285714285714285, 0.07410692771053105, 2.9320754716981132, 2.993166963755199, 2.9228896103896105, 3.1887034659820284, 2.8465517241379312, 2.923724616146607, 2.971628592483419, 2.877486077963405, 2.94692144373673, 3.191345772131798, 2.950986632718014, 2.9022556390977443, 2.936522127849799, 2.9633437639696023, 2.9680677745193873, 2.9633437639696023, 2.9581100828056504, 2.9378953421506613, 2.9300613496932515, 2.8692660550458715, 2.9587173135122216, 0.0848607538395152
75, 0.30036630036630035, 0.2403846153846154, 0.2637362637362638, 0.2543171114599686, 0.24175824175824176, 0.26373626373626374, 0.2811355311355312, 0.2637362637362638, 0.2832722832722833, 0.2591575091575092, 0.26373626373626374, 0.26373626373626374, 0.2857142857142857, 0.272893772893773, 0.25915750915750924, 0.29923922231614547, 0.27692307692307694, 0.27692307692307694, 0.2825745682888541, 0.2731554160125588, 0.2702826919722524, 0.015726981222258258, 0.0, 0.125, 0.16666666666666666, 0.0, 0.0, 0.0, 0.0, 0.25, 0.0, 0.16666666666666666, 0.0, 0.0, 0.0, 0.0, 0.0, 0.0, 0.2, 0.0, 0.0, 0.0, 0.04541666666666666, 0.08137170372228093, 3.026610644257703, 2.936724565756824, 3.403873405762872, 3.2122370936902485, 2.9060773480662982, 2.9507246376811596, 2.9565217391304346, 3.617241379310345, 2.96386222473179, 3.027439024390244, 2.9507246376811596, 2.949264705882353, 3.1309362279511532, 2.9523128278493087, 2.9311531841652325, 2.9842757786513454, 3.0640083945435466, 2.9557522123893807, 2.9709806537691796, 2.962582538517975, 3.042665161208928, 0.17469320283477946
76, 0.2427572427572427, 0.25974025974025977, 0.25274725274725274, 0.23296703296703297, 0.25274725274725274, 0.27838827838827834, 0.3021978021978022, 0.25974025974025977, 0.23296703296703297, 0.25, 0.28644688644688643, 0.2954822954822955, 0.23176823176823175, 0.2806424344885884, 0.25274725274725274, 0.23351648351648352, 0.28100470957613816, 0.2857142857142857, 0.2681318681318681, 0.24175824175824176, 0.26107325519413427, 0.021790852351350393, 0.0, 0.0, 0.0, 0.0, 0.0, 0.0, 0.0, 0.0, 0.0, 0.0, 0.0, 0.0, 0.0, 0.0, 0.0, 0.0, 0.0, 0.0, 0.0, 0.0, 0.0, 0.0, 2.9197860962566846, 2.955005624296963, 2.9522292993630574, 2.871559633027523, 2.936405529953917, 2.9755301794453506, 2.9830820154468554, 2.958896700919416, 2.871559633027523, 2.9646017699115044, 2.9759974051248785, 2.9852661596958177, 2.9173166926677068, 2.9655904842820733, 2.9509646302250805, 2.919831223628692, 2.965217391304348, 2.9642105263157896, 2.9676375404530746, 2.93730407523511, 2.9468996305290682, 0.0318806499274006
77, 0.07438715131022822, 0.06837606837606837, 0.11488511488511488, 0.11459968602825743, 0.14544279250161604, 0.17216117216117213, 0.12487512487512488, 0.12893772893772892, 0.11488511488511488, 0.08351648351648351, 0.11477411477411475, 0.12387612387612386, 0.15494505494505495, 0.06837606837606838, 0.15184815184815184, 0.0869130869130869, 0.10439560439560439, 0.08928571428571427, 0.10782967032967034, 0.1923076923076923, 0.11683088597640956, 0.03318882212000262, 0.0, 0.0, 0.0, 0.0, 0.0, 0.0, 0.0, 0.0, 0.0, 0.0, 0.0, 0.0, 0.0, 0.0, 0.0, 0.0, 0.0, 0.0, 0.0, 0.0, 0.0, 0.0, 3.3487394957983194, 2.9147286821705425, 2.7900943396226414, 2.8858560794044665, 2.811577752553916, 2.8942675159235667, 1.9579831932773109, 2.6948453608247425, 2.801354401805869, 2.862337662337662, 2.84160756501182, 2.908735332464146, 2.9792387543252596, 2.9147286821705425, 2.941484716157205, 1.9156626506024097, 2.8372641509433962, 1.9193548387096775, 2.931338028169014, 2.9, 2.7525599601136257, 0.36570359614399683
78, 0.26098901098901095, 0.22177822177822185, 0.2934065934065934, 0.2647352647352647, 0.2817182817182818, 0.26373626373626374, 0.2666666666666667, 0.2967032967032967, 0.2902930402930403, 0.2527472527472528, 0.23296703296703297, 0.23547880690737832, 0.2222222222222222, 0.24852071005917167, 0.30769230769230765, 0.24725274725274726, 0.24053724053724052, 0.26785714285714285, 0.2087912087912088, 0.260989010989011, 0.25825411615246785, 0.026247609022298724, 0.625, 0.36363636363636365, 1.3, 0.9090909090909091, 0.5454545454545454, 0.3333333333333333, 0.7333333333333333, 0.8333333333333334, 1.0, 1.0, 0.0, 0.2857142857142857, 0.6666666666666666, 0.46153846153846156, 1.0, 0.25, 0.2222222222222222, 0.0, 0.0, 0.3333333333333333, 0.5431328393828394, 0.37029580960800246, 3.2334600760456276, 3.304648862512364, 3.972939729397294, 3.8103607770582792, 3.3805180591025175, 3.0256653992395437, 3.3858447488584473, 3.2281967213114755, 3.766919404661612, 3.972097209720972, 2.6963562753036436, 3.0275952693823918, 4.927165354330708, 3.8705982180738228, 3.2351029252437704, 3.118512110726644, 3.1937751004016066, 2.9343563512361466, 2.331081081081081, 3.0489731437598735, 3.3732083408723907, 0.5463679323715787
79, 0.2747252747252747, 0.24803767660910517, 0.2814877430262046, 0.30280830280830284, 0.26520146520146526, 0.31208791208791203, 0.27594627594627597, 0.2552831783601015, 0.2541208791208791, 0.2907861369399832, 0.2571428571428572, 0.2774725274725275, 0.28434065934065933, 0.26458157227388, 0.2433281004709576, 0.28937728937728935, 0.2864992150706437, 0.28937728937728935, 0.27594627594627597, 0.3054945054945055, 0.27670225683961946, 0.018749854639440344, 0.0, 0.0, 0.15384615384615385, 0.0, 0.0, 0.0, 0.0, 0.0, 0.0, 0.0, 0.0, 0.16666666666666666, 0.0, 0.0, 0.0, 0.0, 0.0, 0.0, 0.0, 0.0, 0.016025641025641024, 0.048119639143170044, 2.9076923076923076, 2.8899876390605685, 3.053206997084548, 2.9845779220779223, 2.9449330783938814, 2.9879518072289155, 2.958957293399889, 2.9074183976261128, 2.9216710182767622, 2.9701289884589275, 2.927526595744681, 3.06517047906776, 2.969906129210381, 2.9412835685025036, 2.879265091863517, 2.973030518097942, 2.967479674796748, 2.9751381215469612, 3.0123228589032656, 2.96677434240886, 2.9602211414721227, 0.04722011757732201
80, 0.2490842490842491, 0.2625152625152625, 0.27930402930402937, 0.2857142857142857, 0.27472527472527475, 0.2893772893772894, 0.29304029304029305, 0.2893772893772894, 0.2692307692307693, 0.27158555729984296, 0.2754120879120879, 0.30600169061707533, 0.2919937205651491, 0.32967032967032966, 0.28434065934065933, 0.2967032967032967, 0.29120879120879123, 0.29945054945054944, 0.2919937205651491, 0.27472527472527475, 0.2852727210213474, 0.016704379468424374, 0.0, 0.0, 0.16666666666666666, 0.0, 0.2222222222222222, 0.1111111111111111, 0.0, 0.2222222222222222, 0.16666666666666666, 0.0, 0.0, 0.15384615384615385, 0.0, 0.0, 0.0, 0.0, 0.0, 0.0, 0.0, 0.0, 0.05213675213675213, 0.08245316466107852, 2.9045092838196287, 2.936408106219427, 3.362471395881007, 2.946280991735537, 2.993948562783661, 2.987964416535845, 3.0593434343434343, 3.1824602707474985, 3.0658857979502194, 2.938217122683142, 2.9411764705882355, 3.056451612903226, 2.975, 2.9991478483170004, 2.9675738274464387, 2.956975228161669, 3.097433460076046, 3.4504504504504503, 2.9463696369636962, 2.9408602150537635, 3.035446406632996, 0.1407845073509154
81, 0.14774114774114772, 0.08712715855572996, 0.12545787545787543, 0.05832628909551986, 0.10789210789210787, 0.021978021978021976, 0.06043956043956044, 0.062271062271062265, 0.07992007992007989, 0.0879120879120879, 0.04945054945054945, 0.11355311355311354, 0.11355311355311354, 0.07692307692307693, 0.1111111111111111, 0.01098901098901099, 0.055591467356173235, 0.07692307692307693, 0.10329670329670329, 0.1010989010989011, 0.08257777577590117, 0.0335148499141277, 0.0, 0.0, 0.0, 0.0, 0.0, 0.0, 0.0, 0.0, 0.0, 0.0, 0.0, 0.0, 0.0, 0.0, 0.0, 0.0, 0.0, 0.0, 0.0, 0.0, 0.0, 0.0, 2.991015274034142, 2.9592814371257483, 2.9747520288548244, 2.957720588235294, 2.9682726204465335, 1.52, 2.858974358974359, 2.9645390070921986, 2.9495652173913043, 2.9785714285714286, 2.9507042253521125, 2.985663082437276, 2.983240223463687, 2.8770226537216828, 2.9346289752650176, 1.0, 2.9251336898395723, 2.8668941979522184, 2.981572481572482, 2.9351535836177476, 2.778135253697381, 0.5140729361060258
82, 0.25117739403453687, 0.2747252747252748, 0.28461538461538466, 0.28257456828885397, 0.2687312687312688, 0.2747252747252748, 0.2564102564102564, 0.26796280642434495, 0.27380952380952384, 0.2797202797202798, 0.29304029304029305, 0.28708791208791207, 0.3124018838304553, 0.29304029304029305, 0.2797202797202798, 0.29585798816568054, 0.2637362637362638, 0.2950126796280643, 0.3021978021978022, 0.29501267962806427, 0.28157800532800537, 0.015216859948094222, 0.0, 0.0, 0.0, 0.0, 0.0, 0.0, 0.0, 0.0, 0.0, 0.0, 0.0, 0.0, 0.0, 0.0, 0.09090909090909091, 0.0, 0.0, 0.0, 0.0, 0.0, 0.004545454545454545, 0.01981317701609397, 2.886120996441281, 2.9478594950603734, 2.957102001906578, 2.963033779477374, 2.9295695919508105, 2.989759747932257, 2.9065533980582523, 2.9538823529411764, 2.938300901756051, 2.958600085360649, 2.9757343550447, 2.9550970873786406, 2.9750554323725056, 2.9747572815533982, 2.986842105263158, 2.9775539568345324, 2.916269571136828, 2.9708372530573848, 2.9836909871244637, 2.958918918918919, 2.9552769649784665, 0.02710378924765138
83, 0.3076923076923077, 0.28434065934065933, 0.2692307692307693, 0.2648351648351649, 0.2893772893772894, 0.2823330515638208, 0.24908424908424906, 0.32967032967032966, 0.2406593406593407, 0.31456043956043955, 0.30158730158730157, 0.2951334379905809, 0.27387996618765853, 0.24908424908424912, 0.22390109890109888, 0.2778649921507064, 0.2591575091575092, 0.27472527472527475, 0.2870071105365223, 0.2692307692307692, 0.277167765528302, 0.02519609120585912, 0.0, 0.375, 0.0, 0.1, 0.1111111111111111, 0.0, 0.0, 0.0, 0.1, 0.0, 0.0, 0.0, 0.07692307692307693, 0.0, 0.0, 0.0, 0.0, 0.0, 0.0, 0.0, 0.0381517094017094, 0.08653807837310971, 2.988283723875871, 3.257712082262211, 2.9509536784741144, 2.9396151293961514, 2.9709148598625066, 2.9475963620614984, 2.9029255319148937, 2.988773747841105, 2.8551724137931034, 2.9922194922194922, 2.9584736251402917, 2.9789892106757523, 2.9695057833859098, 2.8768511301636788, 2.734736842105263, 2.9627586206896552, 2.9144615384615387, 3.0483452303698897, 2.971845405682109, 2.9509536784741144, 2.9580544043424575, 0.09339655958885587
84, 0.2051282051282051, 0.2881562881562882, 0.25612848689771767, 0.28296703296703296, 0.2721893491124261, 0.23626373626373626, 0.27362637362637365, 0.1989010989010989, 0.21978021978021978, 0.22135007849293564, 0.26173826173826176, 0.2206959706959707, 0.1989010989010989, 0.2129120879120879, 0.2774725274725275, 0.27629513343799056, 0.18956043956043955, 0.26173826173826176, 0.31360946745562135, 0.32967032967032966, 0.24985422239543115, 0.03923728970827201, 0.0, 0.0, 0.0, 0.0, 0.3076923076923077, 0.0, 0.0, 0.0, 0.0, 0.0, 0.18181818181818182, 0.0, 0.0, 0.0, 0.0, 0.0, 0.0, 0.0, 0.0, 0.3333333333333333, 0.04114219114219114, 0.10123979472623065, 2.904, 2.9850560398505603, 2.952741020793951, 2.982608695652174, 3.6467453368861817, 2.9495798319327733, 2.9720744680851063, 2.8897637795275593, 3.2589182968929804, 2.9201841903300076, 3.1571884984025558, 2.930807248764415, 2.885752688172043, 2.9110473457675754, 2.971619365609349, 2.979202772963605, 2.8625954198473282, 2.970552147239264, 2.987946799667498, 3.133522727272727, 3.0125953336828832, 0.17398057873062225
85, 0.24175824175824176, 0.2802197802197802, 0.25274725274725274, 0.19505494505494503, 0.21245421245421245, 0.2673992673992674, 0.28693528693528697, 0.2603550295857988, 0.2040816326530612, 0.26129426129426125, 0.27629513343799056, 0.231990231990232, 0.2047952047952048, 0.21978021978021978, 0.2774725274725275, 0.27387996618765853, 0.2710622710622711, 0.24692954104718812, 0.21245421245421245, 0.2040816326530612, 0.2440520425491337, 0.029990615440789823, 0.0, 0.0, 0.0, 0.0, 0.0, 0.0, 0.0, 0.0, 0.0, 0.0, 0.0, 0.0, 0.0, 0.0, 0.0, 0.0, 0.0, 0.0, 0.0, 0.0, 0.0, 0.0, 2.9508804448563484, 2.9623259623259623, 2.9386401326699834, 2.809734513274336, 2.9097222222222223, 2.9623302671922906, 2.973951715374841, 2.962682803832577, 2.8896434634974533, 2.9693911873528425, 2.9724770642201834, 2.923719958202717, 2.8016666666666667, 2.9236192714453586, 2.954946996466431, 2.9727435210008935, 2.9736967957914873, 2.9553049289891393, 2.9048473967684023, 2.8831858407079647, 2.929775557642905, 0.04991607417619449
86, 0.26204564666103136, 0.28571428571428575, 0.282574568288854, 0.3113553113553114, 0.2930402930402931, 0.3052503052503053, 0.3061224489795919, 0.2884615384615385, 0.2808302808302809, 0.25974025974025977, 0.27472527472527475, 0.28571428571428575, 0.2655677655677656, 0.27895181741335595, 0.2857142857142857, 0.29042386185243335, 0.26862026862026867, 0.31868131868131866, 0.2747252747252748, 0.25641025641025644, 0.28373346738731353, 0.01682258759650173, 0.0, 0.4, 0.0, 0.16666666666666666, 0.3333333333333333, 0.0, 0.07142857142857142, 0.0, 0.0, 0.0, 0.0, 0.0, 0.16666666666666666, 0.0, 0.0, 0.2857142857142857, 0.0, 1.0, 0.0, 0.0, 0.12119047619047618, 0.23660713536987113, 2.924518993586581, 3.185034013605442, 2.9615384615384617, 3.221148684916801, 3.133828996282528, 2.9802498992341797, 2.987231572838073, 2.970799180327869, 2.959627329192547, 2.919345057610673, 2.9400452488687785, 2.9666858127512925, 3.0477796514896007, 2.9496830427892236, 2.9582542694497156, 3.058782118972193, 2.9436860068259385, 3.8778162911611784, 2.9504908237302603, 2.908872901678657, 3.0422709178425, 0.2099095882168803
87, 0.23186813186813185, 0.2087912087912088, 0.22783882783882786, 0.22527472527472528, 0.18351648351648353, 0.27802197802197803, 0.23443223443223446, 0.23687423687423687, 0.24615384615384617, 0.2600732600732601, 0.2136752136752137, 0.18512256973795435, 0.2307692307692308, 0.2545787545787546, 0.24018838304552587, 0.29984301412872844, 0.24862637362637363, 0.22527472527472528, 0.21036106750392464, 0.19047619047619047, 0.23158802278307777, 0.028559647051531665, 0.6, 0.2, 0.6, 1.4166666666666667, 0.0, 1.4, 1.5, 1.3333333333333333, 2.5, 2.0, 0.5555555555555556, 0.46153846153846156, 1.1818181818181819, 1.25, 1.5714285714285714, 1.8571428571428572, 1.0, 1.0, 1.0, 0.3333333333333333, 1.088040848040848, 0.6260350182628411, 3.8059800664451826, 3.562809099901088, 3.6528522671867383, 4.203841630733046, 2.929411764705882, 3.7713891444342225, 4.66461427019196, 4.111685625646329, 5.172194777699365, 4.9200710479573715, 3.6178234790059984, 3.895483870967742, 4.274891774891775, 4.193985599322321, 4.509163346613546, 4.1928909952606634, 4.360709592641261, 4.092121982210927, 3.9349046015712683, 3.053932584269663, 4.046037876082817, 0.5397288016439591
88, 0.24038461538461536, 0.2586644125105664, 0.23351648351648355, 0.2373626373626374, 0.23736263736263735, 0.25274725274725274, 0.15855572998430142, 0.2007992007992008, 0.27472527472527475, 0.1842772612003381, 0.24175824175824173, 0.23763736263736263, 0.17582417582417584, 0.20146520146520147, 0.16183816183816185, 0.21114599686028263, 0.27912087912087913, 0.25274725274725274, 0.2037962037962038, 0.2431318681318681, 0.22434304248864687, 0.03443276627505488, 1.375, 1.5384615384615385, 1.0833333333333333, 1.4, 2.0, 2.3333333333333335, 0.2857142857142857, 1.6363636363636365, 1.4, 0.6153846153846154, 1.1111111111111112, 1.375, 0.8666666666666667, 1.1111111111111112, 1.1818181818181819, 1.1428571428571428, 2.0, 0.6666666666666666, 0.6363636363636364, 0.75, 1.225459262959263, 0.506169185417316, 4.238890745071834, 4.085173501577287, 3.9593183067619573, 4.1817082997582595, 5.47148288973384, 4.266047950502707, 3.812121212121212, 5.318078840054373, 4.402439024390244, 3.997576736672052, 3.632618025751073, 4.886214442013129, 4.110989010989011, 4.487823439878234, 6.546827794561934, 4.461113667740451, 4.8990978950885395, 3.5350877192982457, 3.322283609576427, 3.6758928571428573, 4.364539298434184, 0.7439863501173225
89, 0.260596546310832, 0.23748473748473742, 0.13736263736263737, 0.26673326673326675, 0.25274725274725274, 0.2759462759462759, 0.22710622710622708, 0.22448979591836735, 0.2431318681318681, 0.23736263736263735, 0.20293040293040296, 0.24254317111459972, 0.20146520146520147, 0.25274725274725274, 0.2054099746407439, 0.23589743589743595, 0.2783882783882784, 0.19974143503555267, 0.17338217338217338, 0.19986263736263735, 0.22776646040341902, 0.034604449827501355, 1.0, 1.3888888888888888, 0.3333333333333333, 1.6363636363636365, 2.0, 1.3333333333333333, 1.1111111111111112, 1.1428571428571428, 1.25, 0.6, 0.0, 0.5714285714285714, 0.8888888888888888, 0.4, 0.46153846153846156, 0.8666666666666667, 1.8888888888888888, 0.5882352941176471, 0.0, 1.125, 0.9293267108708285, 0.5525461406920888, 3.7288306451612905, 4.306422569027611, 3.8290854572713644, 4.38421052631579, 4.751082251082251, 4.107385811467444, 3.9567567567567568, 5.119777158774373, 4.319337670017741, 3.5508595988538683, 2.9906213364595544, 3.9027196652719667, 4.1072013093289685, 3.6639765223771095, 3.6728198599618076, 4.0209267563527655, 4.571428571428571, 4.138608305274972, 2.890322580645161, 4.755172413793104, 4.038377288281123, 0.541181171643445
90, 0.23809523809523814, 0.2467532467532468, 0.24862637362637363, 0.21733821733821734, 0.18524332810047092, 0.1741335587489434, 0.15567765567765565, 0.1994928148774303, 0.25874125874125875, 0.178021978021978, 0.2148962148962149, 0.18681318681318682, 0.2516483516483517, 0.20963651732882507, 0.16718995290423863, 0.19230769230769232, 0.14913657770800628, 0.1988011988011988, 0.11302982731554158, 0.2285714285714286, 0.20070773091377486, 0.03764166518678058, 0.7333333333333333, 1.0, 2.25, 0.8888888888888888, 1.8571428571428572, 0.7692307692307693, 0.6666666666666666, 0.46153846153846156, 1.8181818181818181, 0.6, 0.5555555555555556, 0.4444444444444444, 1.0, 0.3076923076923077, 0.7142857142857143, 0.5, 0.35714285714285715, 0.5454545454545454, 0.14285714285714285, 1.4, 0.850620768120768, 0.5499891645133429, 3.6480901690670007, 4.013377926421405, 5.873035826524198, 4.035101404056162, 6.620458891013384, 3.8657094594594597, 4.269230769230769, 3.947478991596639, 4.407683486238532, 3.183333333333333, 3.356834532374101, 3.962962962962963, 3.5444743935309972, 3.487513572204126, 4.130188679245283, 4.352112676056338, 3.753846153846154, 3.448675496688742, 2.9545454545454546, 4.393213572854291, 4.062393387562466, 0.8362757694186297
